Name,Category,Price,גובה,השקיה,שימושים,Tag,Description,Stock,Thumbnail,תמונה,,
אלמון הודי,מטפסים לגינה,,"ענפים עד 5 מ', מטפס נכרך\נשען, פריחה ריחנית פרח כתום",בינונית עד מרובה,"גדרות, מסלעות, פרגולות, פריחה ריחנית","שמש, הצללה ",,0,https://cdn.store.link/products/galednp/wsyocy-%D7%90%D7%9C%D7%9E%D7%95%D7%9F%20%D7%94%D7%95%D7%93%D7%99%20%D7%90.jpg?versionId=6qyyTZ.8tUZ.feJo9lrNLyND5oBe6nei,,,
טרכלוספרמון יסמיני,מטפסים לגינה,,ענפים עד 4 מ',בינונית עד מועטה,"גדרות, פרגולות, כיסוי שטחים","שמש, הצללה  ",,0,https://cdn.store.link/products/galednp/ixd3lq-20150511_073949%20%D7%98%D7%A8%D7%9B%D7%9C%D7%95%D7%A1%D7%A4%D7%A8%D7%9E%D7%95%D7%9F%20%D7%90.jpg?versionId=LGsC9E0P8aHO_SJxkMNNoFuKzTj.tI8L,,,
תונברגיה גדולת פרחים,מטפסים לגינה,,ענפים עד 4 מ' עורך,בינונית,"ליד גדר, עמוד, פרגולה, מבנה",שמש ,,0,https://www.tokeep.co.il/images/tokeep/gallery/Thunbergia_Grandiflora-m_M.jpg,,,
יערה איטלקית,מטפסים לגינה,,ענפים עד 4מ' עורך,מועטה עד בינונית,"מטפס על גדרות וסלעים, כיסוי שטח","שמש מלאה עד צל, פריחה ריחנית",,1,https://www.tokeep.co.il/images/tokeep/gallery/Lonicera_etrusca_2_M.jpg,,,
תונברגיה סוזי פרח צהוב,מטפסים לגינה,,"ענפים עד 5 מ, מטפס  נכרך, רגיש לקור",מרובה,"גדרות, כיסוי שטח","שמש ישירה, הצללה חלקית, פריחה כל השנה",,0,https://lh3.google.com/u/0/d/1WdaJX0bEuHNn3CjFvUBInf8xfVJgqcMP=k,,,
תונברגיה סוזי פרח כתום ,מטפסים לגינה,,"ענפים עד 3 מ, מטפס  נכרך, רגיש לקור",מרובה,"גדרות, כיסוי שטח","שמש, הצללה חלקית, פריחה כל השנה",,0,https://cdn.store.link/products/galednp/7ijzj--%D7%AA%D7%95%D7%A0%D7%91%D7%A8%D7%92%D7%99%D7%94%20%D7%A1%D7%95%D7%96%D7%99%20%D7%A9%D7%97%D7%95%D7%A8%D7%AA%20%D7%A2%D7%99%D7%9F%20%D7%9B%D7%AA%D7%95%D7%9D%20%D7%91%D7%94%D7%99%D7%A8.jpg?versionId=STvkp15TcjdFCw7gbVNaLVwOeNrDPjYt,,,
תונברגיה סוזי פרח וורוד,מטפסים לגינה,,"ענפים עד 3 מ, מטפס  נכרך, רגיש לקור",מרובה,"גדרות, כיסוי שטח","שמש, הצללה חלקית, פריחה כל השנה",,0,https://cdn.store.link/products/galednp/crurlo-%D7%AA%D7%95%D7%A0%D7%91%D7%A8%D7%92%D7%99%D7%94%20%D7%9E%D7%9B%D7%95%D7%A0%D7%A4%D7%AA%20%D7%A1%D7%95%D7%96%D7%99%20%D7%A9%D7%97%D7%95%D7%A8%D7%AA%20%D7%A2%D7%99%D7%9F%20%D7%A4%D7%A8%D7%97%20%D7%A1%D7%92%D7%95%D7%9C%20.jpg?versionId=d5SRv57VtpjWL4c4h4zfPJI6mpTPN6GV,,,
פסיפלורה,מטפסים לגינה,,עד 3 מ',בינונית,על גדרות,"שמש, הצללה",,0,https://cdn.store.link/products/galednp/3n7uub-img_20200805_184055%20%D7%A4%D7%A1%D7%99%D7%A4%D7%9C%D7%95%D7%A8%D7%94.jpg?versionId=UtwJ6j8MFq0b4dPwaShw.BuyMu0YZynu,,,
הרדנברגיה סגולה,מטפסים לגינה,,"ענפים עד 5 מ', מטפס נכרך, פריחה ריחנית",בינונית,"גדרות, מסלעות, פרגולות","שמש, הצללה חלקית",,0,https://cdn.store.link/products/galednp/c30d3k-%D7%94%D7%A8%D7%93%D7%A0%D7%91%D7%A8%D7%92%D7%99%D7%94%20%D7%A4%D7%A9%D7%95%D7%98%D7%AA%20%D7%A2%D7%9C%D7%99%D7%9D%20%20%D7%90.jpg?versionId=MQ7uyTE2GNMoHLOUUIWefMU2Z7NLnVAv,,,
תונברגיה סוזי פרח כתום ,מטפסים לגינה,,"ענפים עד 3 מ, מטפס  נכרך, רגיש לקור",מרובה,"גדרות, כיסוי שטח","שמש, הצללה חלקית",,0,https://cdn.store.link/products/galednp/r0xz4a-%D7%AA%D7%95%D7%A0%D7%91%D7%A8%D7%92%D7%99%D7%94%20%D7%9E%D7%9B%D7%95%D7%A0%D7%A4%D7%AA%20%D7%A1%D7%95%D7%96%D7%99%20%D7%A9%D7%97%D7%95%D7%A8%D7%AA%20%D7%A2%D7%99%D7%9F%20%D7%A4%D7%A8%D7%97%20%D7%9B%D7%AA%D7%95%D7%9D%20%D7%9B%D7%94%D7%94.jpg?versionId=40wiMGsjsl_9hBOsj89EwP26kQHEDRWk,,,
קלרודנדרון נאה,מטפסים לגינה ,,"ענפים עד 5 מ' אורך, מטפס נכרך",בינונית סדירה,"גדרות, מסלעות, פרגולות","שמש, הצללה חלקית",,2,https://cdn.store.link/products/galednp/wl4avp-%D7%A7%D7%9C%D7%A8%D7%95%D7%93%D7%A0%D7%93%D7%A8%D7%95%D7%9F%20%D7%A0%D7%90%D7%94.jpg?versionId=pzAmPmkdeElgRAq2FgtxaeN7VHEVfO4R,,,
ניצנית מכלוא,סוקולנטים,,40 סמ',מועטה עד בינונית,"צמח עציץ, קבוצות בגינה",שמש והצללה חלקית,,0,https://cdn.store.link/products/galednp/lfqd8a-img_20201223_151556%20%20%D7%A0%D7%99%D7%A6%D7%A0%D7%99%D7%AA%20%D7%A4%D7%A8%D7%97%20%D7%90%D7%93%D7%95%D7%9D%20%D7%9B%D7%A4%D7%95%D7%9C.jpg?versionId=o.GRhHMTivw10kyAC2nTY5BDXuPNjhM3,,,
צורית נוסבאום,סוקולנטים,,30 סמ',"השקיה מועטה, עמיד ליובש","עציץ, גינה, תליה",שמש מלאה עד צל חלקית,,1,https://lh6.googleusercontent.com/proxy/kEWUg7SGnvtmO9S5cNo4yycKNSx7_wnjU-4NBB_I0uBoKMJEZY2lIfXikhbzE4Dc9YRX5OP1SRsycAvj6PtMSXtV_MrtVA7kNwi8lDncYhf3dnhnHnI19yx82jcxYBU7QqXXc3iLlxM5KcwYwSvvY_9pptB47JTlZ3Ij,,,
צורית עכו,סוקולנטים,,עד 8 סמ',מועטה,"כיסוי קרקע, עציצים תלוים","שמש מלאה, הצללה חלקית",,4,https://cdn.store.link/products/galednp/i18wa6-img_20210428_175850%20%28%D7%A7%D7%98%D7%9F%29%D7%A6%D7%95%D7%A8%D7%99%D7%AA%20%D7%A2%D7%91%D7%95.jpg?versionId=SuRjWUejG8uiyN3P1Cbg5nUjZ5GDqT7Q,,,
אלוי עצי ,סוקולנטים,,עד 2-3 מ',מועטה,"צמח עציץ, קבוצות בגינה",,,0,https://upload.wikimedia.org/wikipedia/commons/thumb/b/b9/Aloe_arborescens_Compton.JPG/1200px-Aloe_arborescens_Compton.JPG,,,
אלוי יקנדה,סוקולנטים,,עד 10 סמ',מועטה,צמח עציץ,"שמש, צל חלקי",,0,https://cdn.store.link/products/galednp/im8429-%D7%A2%D7%9C%D7%95%D7%99%20%D7%9B%D7%95%D7%9B%D7%91.jpg?versionId=k_G_LJInKdWIO99hhXMFtRk40EX6.ovH,,,
סנסיווריה (כידונן) תלת-פסי,סוקולנטים,,50סמ',"מועטה עד בינונית, ניקוז טוב","צמח עציץ, מיכל, גינה מוצלת","אור, צל  עד ללא אור טביעי",,0,https://cdn.store.link/products/galednp/x-eprf-img_20200827_091919%20%D7%A1%D7%A0%D7%A1%D7%99%D7%95%D7%95%D7%99%D7%A8%D7%99%D7%94%20%D7%99%D7%A8%D7%95%D7%A7%D7%94.jpg?versionId=Vy65iLqOn3UGNgVTrk39bmBa4lvMx2QQ,,,
פפרומיה פרי,סוקולנטים,,30 סמ',בינונית,צמח עציץ,צל חלקי,,0,https://cdn.store.link/products/galednp/0g9k7a-20230502_102952.jpg?versionId=dGd2dnUf6bGtNgnvVyWm8IMWbipkV3Jy,,,
עץ שפע,סוקולנטים,,עד 1 מ',מועטה,"עציצים, מיכלים",שמש ישירה עד צל מלא,,0,https://cdn.store.link/products/galednp/x4nixm-20180428_130031%20%D7%A2%D7%A5%20%D7%A9%D7%A4%D7%A2%20%20%D7%90%205.jpg?versionId=SLcZi7JEEYCBFOD_wYzPXl2unO5.tSZm,,,
אמנון ותמר ננסי,עונתיים של חורף,,,,,,,0,https://cdn.store.link/products/galednp/gs7w87-1%D7%90%D7%9E%D7%A0%D7%95%D7%9F%20%D7%95%D7%AA%D7%9E%D7%A8%20%D7%A0%D7%A0%D7%A1%D7%99%20%D7%90.jpg?versionId=BPrLXRX8xdBQ8Pts5KZraKrVR3mbypPx,,,
אנגלוניה צרת עלים,עונתיים של קיץ,,30 סמ',בינונית,"מיכל, גינה","שמש ישירה, הצללה חלקית",,0,https://www.organi-co.co.il/wp-content/uploads/angelonia-angustifolia-1200x675.jpg,,,
טגטס זקוף,עונתיים לקיץ,,25 סמ',בינונית,"גינה, מיכל","שמש, הצללה חלקית",,0,https://encrypted-tbn0.gstatic.com/images?q=tbn:ANd9GcSR-xqqimVv178Im1ny2UAzBAmNcLtqdOp-1N1GXYpJVjTnaiWl,,,
בשמת שולטן,רב שנתיים,,40 סמ,בינונית עד מרובה ,"גינה, עציצים","שמש ישירה, הצללה חלקית",,0,https://extension.umn.edu/sites/extension.umn.edu/files/styles/caption_medium/public/impatiens-walleriana-lollipop-fruitpunch-rose.jpg_.JPG?itok=W9CGy0Jj,,,https://cdn.store.link/products/galednp/nol7os-img_20180814_194323_hht%20%D7%A2%D7%99%D7%A8%D7%99%D7%AA%20%D7%A9%D7%95%D7%9E%D7%99%D7%AA.jpg?versionId=Otn9YylK_uHAV4mcoto_lpZjmYP2MIeA
אנגלוניה,רב שנתיים,,עד 30,בינונית,"ערוגות, עציצים, מיכלים","שמש, הצללה חלקית",,0,https://cdn.store.link/products/galednp/grudj7-20240702_194718%20%20%D7%90%20%D7%90%D7%A0%D7%92%D7%9C%D7%95%D7%A0%D7%99%D7%94.jpg?versionId=RxdgTJ8Boayxa7HYZVUtfekoFfhm952g,,,
תותי יער,פירות יער,,עד 30 סמ',"מרובה, ניקוז טוב",גידול בעציץ או בגינה. מניב פרות בקיץ,צל חלקי,,0,https://www.fruit.co.il/wp-content/uploads/2023/07/WhatsApp-Image-2023-09-14-at-10.35.04.jpeg,,,
אוזן פיל,צמחי בית ומרפסת,,עד 1 מ',"מרובה, ניקוז טוב",צמח עציץ,צל חלקי,,0,https://cdn.store.link/products/galednp/n2-joy-20240616_122944%20%D7%90%D7%95%D7%96%D7%9F%20%D7%A4%D7%99%D7%9C.jpg?versionId=ToEB7NEOwLUd68OKCT3MamLujcGNEwVs,,,
בגוניה שיחית פרח לבן,צמחי בית ומרפסת,,70 סמ',בינונית,צמח עציץ,צל חלקי ומלא,,0,https://cdn.store.link/products/galednp/3-a9jp-%D7%91%D7%92%D7%95%D7%A0%D7%99%D7%94%20%D7%A9%D7%99%D7%97%D7%99%D7%AA%20%D7%A4%D7%A8%D7%97%20%D7%9C%D7%91%D7%9F.jpg?versionId=u2Xwu2lfwx.MAf5CjMkpqVpzFp4rHCdn,,,
גפנית תלייה,צמחי בית ומרפסת,,צמח נשפך,"מרובה, ניקוז טוב","עציצים תלוים, גינה, כיסוי גדר",עוצמת אור נמוכה,,0,https://cdn.store.link/products/galednp/vvyea1-%D7%92%D7%A4%D7%A0%D7%99%D7%AA%20%D7%AA%D7%9C%D7%99%D7%99%D7%94%20%D7%90.jpg?versionId=X58SANo6eqaMtUXK8bDGK5vUHb4wFyC_,,,
ירקה מצויצת,צמחי בית ומרפסת,,30 סמ',בינונית-מרובה,"תליה, מיכל, צמח בית במקום מואר מאוד, כיסוי שטח מוצל",הצללה חלקית או מלאה,,0,https://cdn.store.link/products/galednp/cd2tuo-20240518_190345%20%D7%99%D7%A8%D7%A7%D7%94%20%D7%9E%D7%A6%D7%95%D7%99%D7%A6%D7%AA.jpg?versionId=keZdSS4PkdrhrGcM2cvl9YHVhyL6Hydx,,,
פפרומיה מגניפוליה,צמחי בית ומרפסת,,עד 40 סמ' ,מועטה - כאשר פני האדמה בעציץ יבשים,"עציץ, תליה, מקום עם תאורת פלוריסנט",צל חלקי עד ללא אור טביעי,,0,https://cdn.store.link/products/galednp/668n0h-%D7%A4%D7%A4%D7%A8%D7%95%D7%9E%D7%99%D7%94%20%D7%9E%D7%92%D7%A0%D7%99%D7%A4%D7%95%D7%9C%D7%99%D7%94img_20201202_154143%20%D7%92%D7%93%D7%95%D7%9C%D7%94%20%D7%90.jpg?versionId=ngk.NLz.5P8S_tHWk7ndwodnq8IVwCAE,,,
פלקטרנתוס מדגסקרי,צמחי בית ומרפסת,,עד 40 סמ'. ענפים משתפלים עד 1מ,בינונית עד מרובה,מניב פרות בקיץ,צל חלקית עד צל מלא,,0,https://cdn.store.link/products/galednp/mhglme-%D7%A4%D7%9C%D7%A7%D7%98%D7%A8%D7%A0%D7%98%D7%95%D7%A1%20%D7%9E%D7%93%D7%92%D7%A1%D7%A7%D7%90%D7%A8%D7%99img_20211112_164412.jpg?versionId=YJYEmcP4I9y9lJWvedqSCEKTqMeaxTlf,,,
פלקטרנתוס מדגסקרי מגוון,צמחי בית ומרפסת,,30 סמ',בינונית - מועטה ,"מיכל, סלסילה תלויה, כיסוי שטח בגינה",צל חלקית עד צל מלא,,5,https://cdn.store.link/products/galednp/dblpgw-%D7%A4%D7%9C%D7%A7%D7%98%D7%A8%D7%A0%D7%98%D7%95%D7%A1%20%D7%9E%D7%93%D7%92%D7%A1%D7%A7%D7%90%D7%A8%D7%99%20%D7%9E%D7%92%D7%95%D7%95%D7%9F%20.jpg?versionId=oyD1.H5U8PCXwnuKHHHi_VyH.ntqMVhR,,,
סנגוניום ורוד,צמחי בית ומרפסת,,"עד50 סמ' , ענפים משתפלים",בינונית,צמח עציץ,"פנים- מואר, חוץ - מוצל",,0,https://cdn.store.link/products/galednp/byoc7n-20230727_085559%20%D7%91%20%D7%A1%D7%99%D7%A0%D7%92%D7%95%D7%A0%D7%99%D7%95%D7%9D%20%D7%95%D7%A8%D7%95%D7%93.jpg?versionId=SIMfurSTYswEff.imyYO_Fk9oNEYBmTX,,,
יהודי נודד נאנוק,צמחי בית ומרפסת,,עד 30 סמ,"מועטה, רגיש לקרה וליובש","עציץ, תליה, מקום עם תאורת פלוריסנט",צל  עד צל מוחלט,,1,https://cdn.store.link/products/galednp/250b21-%D7%A0%D7%90%D7%91%D7%95%D7%A720221201_082222.jpg?versionId=wNJ6h9In7q1MSsd3_lpz10dyiURQif1m,,,
יהודי נודד שעיר,צמחי בית ומרפסת,,עד 30 סמ',בינונית עד מרובה,"עציצים, גינה","שמש, הצללה חלקית",,0,https://cdn.store.link/products/galednp/g157bw-%D7%99%D7%94%D7%95%D7%93%D7%99%20%D7%A0%D7%95%D7%93%D7%93%20%D7%A9%D7%A2%D7%99%D7%A8.jpg?versionId=nDyIf4VoIbjOjrjPJcixgyi.fqNO9aCg,,,
שרך בוסטון,צמחי בית ומרפסת,,עד 50 סמ',בינונית עד מועטה,"עציצים, תליה, גינה מוצלת",צל חלקי עד צל מוחלט,,0,https://cdn.store.link/products/galednp/xadetv-%D7%A9%D7%A8%D7%A3%20%D7%91%D7%95%D7%A1%D7%98%D7%95%D7%9F.jpg?versionId=45NbH_kDOzawrWfEOnDigWz5b1on_mfa,,,
שרך יער נורווגי,צמחי בית ומרפסת,,עד 50 סמ',בינונית עד מועטה,"עציצים, תליה, גינה מוצלת",צל חלקי עד צל מוחלט,,0,https://cdn.store.link/products/galednp/ljcq9p-%D7%A9%D7%A8%D7%9A%20%D7%99%D7%A2%D7%A8%20%D7%94%D7%95%D7%9C%D7%A0%D7%93%D7%9920240518_191343.jpg?versionId=EFrOrpHPwfp9BS7Ge6jQTE0iO.X5pymF,,,
ספטיפילום,צמחי בית ומרפסת,,עד 50 סמ',"מרובה, ניקוז טוב",עציץ,אור לא שמש ישירה,,0,https://cdn.store.link/products/galednp/w4asql-%D7%A1%D7%A4%D7%98%D7%99%D7%A4%D7%99%D7%9C%D7%95%D7%9D%20%D7%90.jpg?versionId=is7LBVy1o3g.5L4BMdptpFeYFTnEh4dg,,,
פוטוס  זהוב,צמחי בית ומרפסת,,צמח נשפך,"בינונית עד מועטה, בכל שהמקום חשוך, להשקות פחות","עציצים, קערות תליה, אדניות","צל, מקום  חשוך",,0,https://cdn.store.link/products/galednp/0cruj0-%D7%A4%D7%95%D7%98%D7%95%D7%A1%20%D7%9E%D7%92%D7%95%D7%95%D7%9F%20%D7%90.jpg?versionId=fXGu9n0EVnfCkfj0TkzmXV7001DTH92I,,,
בגוניה רקס,צמחי בית ומרפסת,,עד 50 סמ',בינונית סדירה,צמח עציץ,מקום מואר ללא שמש ישירה,,0,https://cdn.store.link/products/galednp/3vn9mk-img_20210313_150728%D7%91%D7%99%D7%92%D7%95%D7%A0%D7%99%D7%94%20%D7%A8%D7%A7%D7%A1.jpg?versionId=2vlH5_ATBkZkHS1Y_qCrX22JA9_KcCeF,,,
אכמיאה,צמחי בית ומרפסת,,עד 80סמ',בינונית עד מועטה,צמח עציץ,"מקום מואר בבית, צל בחוץ",,0,https://cdn.store.link/products/galednp/15nw8s-20240708_140725%D7%90%D7%9B%D7%9E%D7%99%D7%90%D7%94.jpg?versionId=T3Z4dERvhI2Gww0MSbOhoLmU47enIca6,,,
פוטוס לבן,צמחי בית ומרפסת,,ענפים עד 1 מ,בינונית,צמח עציץ,מקום מואר צל חלקי ללא שמש ישירה,,0,https://cdn.store.link/products/galednp/fp5qay-img_20180913_181140%20%281%29%20%D7%A4%D7%95%D7%98%D7%95%D7%A1%20%D7%9C%D7%91%D7%9F.jpg?versionId=m5mYduIx4TWt_u.soM1_Vk124GQ2du3Z,,, 
בגוניה שחורה,צמחי בית ומרפסת,,עד 50 סמ',בינונית,צמח עציץ,"מקום מואר, צל חלקי",,0,https://cdn.store.link/products/galednp/g4hwne-20230405_152508%20%D7%91%D7%92%D7%95%D7%A0%D7%99%D7%94%20%D7%A8%D7%A7%D7%A1%20%D7%A9%D7%97%D7%95%D7%A8%D7%94%20%D7%90.jpg?versionId=BFobD6p6tXqsdT4WS8QF_V4xyjTZxb3g,,,
יהודי נודד שעיר,צמחי בית ומרפסת,,עד 40 סמ',בינונית עד מועטה,"עציצים, מיכלים, כיסוי שטח",שמש עד צל,,1,https://cdn.store.link/products/galednp/ihf8cr-%D7%99%D7%94%D7%95%D7%93%D7%99%20%D7%A0%D7%95%D7%93%D7%93%20%D7%A9%D7%A2%D7%99%D7%A8%2021.4.18%20634.jpg?versionId=fdeW9T3rXAc0zvzonGis_La5CyuPRiWK,,,
בגוניה רכה,צמחי בית ומרפסת,,40,בינונית,צמח עציץ ,צל חלקי ומלא,,0,https://cdn.store.link/products/galednp/lwdiqp-%D7%91%D7%92%D7%95%D7%A0%D7%99%D7%94%20%D7%A8%D7%9B%D7%94.jpg?versionId=2YiMbRAI0.5jEDPM7U5N2tpoDCEZdkUx,,,
ליפופית הבטטה עלה שחור,רב שנתיים,,"30 סמ', ענפים עד 4 מ' מטפסים או משתרעים",בינונית-שופעת,"סלסילה תלויה, כיסוי שטח, משתפל מעבר לקיר או גדר",שמש ישירה  הצללה חלקית,,0,https://www.veredcarmel.com/wp-content/uploads/2020/08/%D7%9C%D7%99%D7%A4%D7%95%D7%A4%D7%99%D7%AA-%D7%94%D7%91%D7%98%D7%98%D7%94-%D7%A2%D7%9C%D7%99%D7%9D-%D7%A1%D7%92%D7%95%D7%9C-%D7%99%D7%A8%D7%95%D7%A7-1200x800.jpg,,,
גרניום זקוף ,רב שנתיים,,עד 1 מ',בינונית ,"עציץ, גינה","שמש, צל חלקי",,4,https://cdn.store.link/products/galednp/4q8skl-20180422_120617%20%20%D7%90%20%D7%92%D7%A8%D7%A0%D7%99%D7%95%D7%9D%20%D7%96%D7%A7%D7%95%D7%A3%20%D7%A9%D7%9C%D7%A0%D7%95.jpg?versionId=5aZtqKIz0Fa6sCDFfSWqb16cI8IfGblO,,,
גרניום זוחל,רב שנתיים,,"עד 40 סמ', ענפים זוחלים עד 70 סמ'",בינונית,"עציץ, תליה","שמש, צל חלקי",,9,https://cdn.store.link/products/galednp/uvzjhk-1460654762356%20%D7%90%20%D7%92%D7%A8%D7%A0%D7%99%D7%95%D7%9D%20%D7%96%D7%95%D7%97%D7%9C.jpg?versionId=WqHf2.sEANCulRfWNterJ47Vd042xLyv,,,
קלה,רב שנתיים,,50 סמ',מרובת,"עציץ, גינה",צל,,0,https://cdn.store.link/products/galednp/iz64ls-img_20210222_163513%20%D7%91%D7%AA%20%D7%A7%D7%9C%D7%94.jpg?versionId=2TO.KjncT_iSOJc7uCRNR7VbTLBgYZYP,,,
חמציץ משולש סגול,רב שנתיים,,20 סמ',בינונית עד מרובה,"עציץ, גינה","שמש, שמש חלקית",,0,https://cdn.store.link/products/store7222/-monlx-%D7%97%D7%9E%D7%A6%D7%99%D7%A5%20%D7%9E%D7%A9%D7%95%D7%9C%D7%A9%20%D7%A1%D7%92%D7%95%D7%9C.jpeg?versionId=fY7uVI7hf2R_QVP.z_L9u1qdRgcuwemd,,,
ביצן רחב - עלים,רב שנתיים,,30 סמ',בינונית,צבה לגינה,"שמש, הצללה חלקית",,0,https://cdn.store.link/products/store7222/dv-y7w-%D7%91%D7%99%D7%A6%D7%9F%20%D7%9E%D7%A9%D7%95%D7%A0%D7%9F.jpeg?versionId=OAqg1uXVLnLTNrTBzw32UOBITSt7fGcG,,,
"וורבנה זני מכלאו לבן, אדום, סגול",רב שנתיים,,30 סמ',בינונית,"עציץ, מיכל, תליה, גינה","שמש, הצללה חלקית",,0,https://cdn.store.link/products/store7222/mg34sj-%D7%95%D7%A8%D7%91%D7%A0%D7%94%20%D7%A4%D7%A8%D7%97%20%D7%9C%D7%91%D7%9F.jpeg?versionId=3qLhHKuZXhwWKsHlNl.teQ1xHoEdbvJ5,,,
"גבנון בן אזוב פרח לבן
",רב שנתיים,,30 סמ',בינונית,"עציץ, גינה","שמש, הצללה חלקית",,0,https://cdn.store.link/products/store7222/mof1a0-%D7%92%D7%91%D7%A0%D7%95%D7%9F%20%D7%91%D7%9F%20%D7%90%D7%96%D7%95%D7%91.jpeg?versionId=VKw.SXTCOxIrxdCMGKq6JIVYprM01gvl,,,
גזניה אשונה פרח ורוד,רב שנתיים,,25 סמ',בינונית,כיסוי שטח,שמש מלאה,,0,https://cdn.store.link/products/store7222/65p9ni-%D7%92%D7%96%D7%A0%D7%99%D7%94%20%D7%90%D7%A9%D7%95%D7%A0%D7%94%20%20%D7%A4%D7%A8%D7%97%20%D7%95%D7%A8%D7%95%D7%93.jpeg?versionId=w27HFI386tTxCOmBG.cSEJBHuA0lJ0VT,,,
גרמית סגולה,רב שנתיים,,40 סמ',בינונית,"עציץ, גינה",שמש מלאה,,0,https://cdn.store.link/products/store7222/h9syf2-%D7%92%D7%A8%D7%9E%D7%99%D7%AA%20%D7%A1%D7%92%D7%95%D7%9C%D7%94.jpeg?versionId=9sAhIoGWpxXmJSvrhRXYVRJXTQcmg_w1,,,
קולאוס (נדנונית),רב שנתיים,,70 סמ',בינונית,"עציץ, גינה",מקום מואר ללא שמש ישירה,,0,https://cdn.store.link/products/store7222/cmnumq-%D7%A7%D7%95%D7%9C%D7%90%D7%95%D7%A1.jpeg?versionId=RhcAWP790JnhUjE1uc2G771nX1JNNl.L,,,
היפואסטס,רב שנתיים,,30 סמ',בינונית,"עציץ, גינה",שמש חלקית ,,0,https://cdn.store.link/products/store7222/wtg5s0-%D7%94%D7%99%D7%A4%D7%95%D7%90%D7%A1%D7%98%D7%A1.jpeg?versionId=HOoVwyV6iZJzRpIm4Wo7JJWhMDd2c5tK,,,
חרצית גדולת פרחים,רב שנתיים,,70 סמ',בינונית,גינה,"שמש מלאה, הצללה חלקית",,7,https://cdn.store.link/products/store7222/1s5pzz-%D7%97%D7%A8%D7%A6%D7%99%D7%AA%20%D7%92%D7%93%D7%95%D7%9C%D7%AA%20%D7%A4%D7%A8%D7%97%D7%99%D7%9D.jpeg?versionId=m.DRlr0.P4GLz15B9P5IC8XRS.QpravC,,,
נר הלילי הוורוד,רב שנתיים,,30 סמ',בינונית,גינה,שמש מלאה,,0,https://cdn.store.link/products/galednp/w3lp6b-%D7%A0%D7%A8%20%D7%9C%D7%99%D7%9C%D7%94%20%D7%95%D7%A8%D7%95%D7%93.jpg?versionId=qgTsyunFW7U0wWNlHTPJd5jvC75KR2Sq,,,
מרווה הוט ליפסט,רב שנתיים,,60 סמ',בינונית,גינה,שמש מלאה או חלקית,,1,https://cdn.store.link/products/store7222/qyaxoc-%D7%9E%D7%A8%D7%95%D7%95%D7%94%20%D7%94%D7%95%D7%98%20%D7%9C%D7%99%D7%A4%D7%A1%D7%98.jpeg?versionId=lxQuPNevFibwLOs1k_t5IjTkohVA8fkB,,,
פנטס,רב שנתיים,,50 סמ',בינונית עד רבה,"עציץ גדול, גינה","שמש, צל חלקי",,0,https://al-haderech.co.il/wp-content/uploads/2020/04/IMG_0041-scaled.jpg,,,
ציפורן ריחנית,רב שנתיים,,20 סמ',בינונית,"עציצים, גינה","שמש, הצללה חלקית",,2,https://cdn.store.link/products/galednp/4rwzwn-%D7%A6%D7%99%D7%A4%D7%95%D7%A8%D7%9F%20%D7%A8%D7%99%D7%97%D7%A0%D7%99%D7%AA%20%D7%95%D7%A8%D7%95%D7%93%D7%94%20%D7%90.jpg?versionId=bjfvvKYIH4yzDg6TRf7vkszD6OT2qMcP,,,
דושן לבן גזור - עלים,רב שנתיים,,עד 30 סמ',בינונית,"עציצים, תליה, גינה",שמש מלאה,,15,https://cdn.store.link/products/galednp/hei-4u-%D7%93%D7%95-%D7%A9%D7%9F%20%D7%9C%D7%91%D7%9F%20%D7%92%D7%96%D7%95%D7%A8%20%D7%A2%D7%9C%D7%99%D7%9D%20.png?versionId=WdgB5m93VyeAd6BuuBccWREq9LYrfrrB,,,
ליפופית הבטטה עלה ירוק,רב שנתיים,,"30 סמ', ענפים עד 4 מ' מטפסים או משתרעים",בינונית-שופעת,"סלסילה תלויה, כיסוי שטח, משתפל מעבר לקיר או גדר","שמש ישירה, הצללה חלקית, כיסוי קרקע",,3,https://cdn.store.link/products/galednp/-2156m-img_20201213_145127%D7%91%D7%98%D7%98%D7%94.jpg?versionId=4lDEz0gNq_g1pGiv9FNdU0nUTshz1fmO,,,
עינן מסרקני,רב שנתיים,,עד 60 סמ',"מועטה, בינונית",גינה,"שמש ישירה, צל חלקי",,0,https://cdn.store.link/products/galednp/yxvl1v-20180425_093342%20%D7%A2%D7%99%D7%A0%D7%9F%20%D7%9E%D7%A1%D7%A8%D7%A7%D7%A0%D7%99%20%D7%90.jpg?versionId=WzhYM3vye1f0oY6Q9_K4GJOviKVwg2HP,,,
המיגרפיס סירוגי,רב שנתיים,,עד 40 סמ',מרובה סדירה,"סלסילה תלויה,מיכל, ערוגה",הצללה חלקית,,0,https://cdn.store.link/products/galednp/20f8nm-%D7%94%D7%9E%D7%99%D7%92%D7%A8%D7%A4%D7%99%D7%A1%20%D7%A1%D7%99%D7%A8%D7%95%D7%92%D7%99%20%D7%90.jpg?versionId=wn36J_4ANa89MXzfR5woLA1uoUcutP7k,,,
קוראופסיס גדול פרחים,רב שנתיים,,"40 סמ', גיזום פרחים נבולים מעודד פריחה ממושכת",בינונית,ערוגות פרחים,"שמש, הצללה חלקית",,20,https://cdn.store.link/products/galednp/ctk1dp-img_1895%20%D7%A7%D7%95%D7%A8%D7%90%D7%95%D7%A4%D7%A1%D7%99%D7%A1%20%D7%92%D7%93%D7%95%D7%9C-%D7%A4%D7%A8%D7%97%D7%99%D7%9D%20%D7%90.jpg?versionId=VlaAtQ5Q7izniYKlz_eWI4bwvxQzPkEd,,,
"חרצית הגננים ""נטף""",רב שנתיים,,"עד 30 סמ', גיזום אחרח כל גל פריחה",בינונית עד מעעטה,"ערוגות, עציצים, מיכלים","שמש, הצללה חלקית",,0,https://cdn.store.link/products/galednp/qqpdoy-1419789717947%20%20%D7%90%20%D7%90%D7%97%D7%A8%D7%A6%D7%99%D7%AA%20%D7%A0%D7%98%D7%A3.jpg?versionId=mO5nH46Z66_8l5uOrbGTkeN.bZfC5zQF,,,
רואליה בריטון פרח ורוד,רב שנתיים,,עד 40 סמ',בינונית,"גינה,מיכל","שמש, צל חלקי",,0,https://cdn.store.link/products/galednp/kb14li-20240708_082605%D7%A8%D7%95%D7%90%D7%9C%D7%99%D7%94%20%D7%91%D7%A8%D7%99%D7%98%D7%95%D7%9F%20%D7%90.jpg?versionId=.Nl9mrs_NzUQDOjpCVL3gXEC7hv5DNDE,,,
פלקטרנטוס מונה לוונדר,רב שנתיים,,עד 1 מ',רגילה,גינה,מקום מואר ללא שמש ישירה,,0,https://cdn.store.link/products/galednp/ysi10m-%D7%A4%D7%9C%D7%A7%D7%98%D7%A8%D7%A0%D7%98%D7%95%D7%A1%20%D7%9E%D7%95%D7%A0%D7%94%20%D7%9C%D7%91%D7%A0%D7%93%D7%A8.jpg?versionId=Y9Hh7Dit.lBxIeVO4EVtnizaanOjDfZd,,,
בגוניה דרגון,רב שנתיים,,עד 40 סמ',בינונית,"גינה, מיכל",צל חלקי עד צל מלא,,0,https://cdn.store.link/products/galednp/0zk8zw-img_20200805_184549%D7%91%D7%92%D7%95%D7%A0%D7%99%D7%94%20%D7%93%D7%A8%D7%90%D7%92%D7%95%D7%9F.jpg?versionId=Km8PzDJIun3i2O0.cl_QJ9EArR_opjB1,,,
דשא יפני כסוף,רב שנתיים,,עד 10 סמ',בינונית,כיסוי שטח,שמש הצללה חלקית,,7,https://cdn.store.link/products/galednp/pp2-sf-20180422_135217%20%20%D7%93%D7%A9%D7%94%20%D7%99%D7%A4%D7%A0%D7%99%20%D7%9B%D7%A1%D7%95%D7%A3%20%D7%90.jpg?versionId=QiSF_EKyPZwCutb3LCDqGObhwzT2XpQG,,,
רואליה ריסנית,רב שנתיים,,25 סמ -עד 40 סמ',בינונית,"צמח כיסוי, תלייה בעציצים",שמש מלאה עד צל,,8,https://cdn.store.link/products/galednp/reqy31-8e01b67e67f859c68d0dff4d24c9a9c6%5B1%5D%D7%A8%D7%95%D7%90%D7%9C%D7%99%D7%94%20%D7%A8%D7%99%D7%A1%D7%A0%D7%99%D7%AA%20%D7%90%20.jpg?versionId=ya336eT7b9IF6sLEMfBoiwsIriKJ86dv,,,
עגבניות שרי,שתילי ירקות אורגנים,,עד 1 מ',"בינונית, ניקוז","גינת ירקות, גידול במיכלים",שמש מלאה,,0,https://media.aeropage.io/api/imgcache/token/dfae8fbc5d007a104bfa8684917d9802/recVAlN4bKiKrXeBF?size=full,,,
מלפפונים,שתילי ירקות אורגנים,,עד 1 מ',"בינונית, נוקוז","גינת ירקות, גידול במיכלים",שמש מלאה,,0,https://media.aeropage.io/api/imgcache/token/dfae8fbc5d007a104bfa8684917d9802/rec6uuAozkE0kKdMx?size=full,,,
ריחן רחב עלים,תבלינים,,30 סמ',בינונית - מרובה,לתיבול מאכלים,"שמש ישירה, הצללה חלקית",,0,https://cdn.store.link/products/galednp/cdktnu-%D7%A8%D7%99%D7%97%D7%9F%20%D7%94%D7%91%D7%96%D7%99%D7%9C.jpg?versionId=3lM6b6pWihF.aUv9sphk7Tls6rqwRQjh,,,
לואיזה (ליפיה לימונית),תבלינים,,עד 1.5 מ',בינונית,"מיכל גדול, ערוגת תבליניםץ העלים - לחליטה תה,",שמש מלאה והצללה חלקית,,0,https://cdn.store.link/products/galednp/17mjtw-%D7%9C%D7%95%D7%90%D7%99%D7%96%D7%9420240518_195544%20%281%29.jpg?versionId=R1AJIDPrrOYRUgjziXqmMMyK8hIHjS.Z,,,
מליסה רפואית,תבלינים,,עד 70 סמ',בינונית עד מרובה,"שתילה במיכל, בגינה, עלים לסלטים וחליטת תה",הצללה חלקית או מלאה,,0,https://cdn.store.link/products/galednp/wfi45b-%D7%9E%D7%9C%D7%99%D7%A1%D7%94%20%D7%A8%D7%A4%D7%95%D7%90%D7%99%D7%AA%2020240518_145321.jpg?versionId=MhQVckX.XFS_BKfxWW5_lZZ8k9ObQ0M6,,,
סטיביה,תבלינים,,60 סמ',בינונית עד מרובה,"שתילה במיכל, בגינה, עלים לסלטים וחליטת תה","הצללה חלקית, שמש",,0,https://cdn.store.link/products/galednp/7fwnka-%D7%A1%D7%98%D7%99%D7%91%D7%99%D7%9420240518_145252.jpg?versionId=D9E78.nMhzP53CVRcObVXk5PP4XM9Lmp,,,
מרווה רפואית,תבלינים,,70 סמ',מועטה - בינונית,"מיכל, בגינה קבוצות, כיסוי שטח. העלים משמשים למאכלי בשר, גבינות ורוטבים, לחליטת תה","שמש, הצללה חלקית",,2,https://cdn.store.link/products/galednp/pgzios-%D7%9E%D7%A8%D7%95%D7%95%D7%94%20%D7%A8%D7%A4%D7%95%D7%90%D7%99%D7%AA.jpg?versionId=fv8t8OG_iOIXDew_BaHt3hDF51MN.06A,,,
עשב לימון,תבלינים,,80 סמ,שופעת,"שתילה במיכל, גינה, העלים לחלחטת תה, לתיבול מאכלי דגים,מרקים, רטבים",שמש מלאה. צל קל,,9,https://upload.wikimedia.org/wikipedia/commons/thumb/b/bd/YosriNov04Pokok_Serai.JPG/640px-YosriNov04Pokok_Serai.JPG,,,
,תבלינים,,עד 30 סמ,שופעת וסדירה,"מיכל, כיסוי שטח בגינה,  העלים - לבשר, דגם,לסלטים, חליטת תה ומשקעטת קרים","שמש ישירה, הצללה חלקית",,0,,,,
נענע ,תבלינים,,60 סמ',שופעת וסדירה,"העלים - לחליטת תה, למשקעות קרים, לרטבים ולסלטים","שמש ישירה, הצללה חלקית",,0,https://al-haderech.co.il/wp-content/uploads/2020/08/IMG_9926-scaled.jpg,,,
זעתר -אזובית מצויה,תבלינים,,40 סמ',בינונית עד מועטה,"גינה חסכונית במים, נסלעה",שמש ישירה,,0,"https://seedsfromzion.co.il/wp-content/uploads/2021/07/Majorana-syriaca-7.jpg
",,,
עירית בצלית,תבלינים,,30 סמ',בינונית,"עציצים, גינת תבלינים","שמש, צל חלקי",,0,https://cdn.store.link/products/galednp/t8zcpj-%D7%A2%D7%99%D7%A8%D7%99%D7%AA%20%D7%91%D7%A6%D7%9C%D7%99%D7%AA.png?versionId=pHAAqHfz4FW7.i2txQK3fubRuM37FdnT,,,
ריחן הבזיל רב שנתי,תבלינים,,עד 1 מ',בינונית עד מרובה,גינת תבלינים,"שמש, הצללה חלקית",,0,https://cdn.store.link/products/galednp/o0u8ja-20180423_183136%20%D7%91%D7%96%D7%99%D7%9C%D7%99%D7%A7%D7%95%D7%9D%20%D7%A8%D7%91-%D7%A9%D7%A0%D7%AA%D7%99%20%D7%90.jpg?versionId=NDuAMB38fkjyG7yztQJseGyVFf_1eD6R,,,
אורנית לוהבת,מטפסים לגינה,,ענפים עד 5 מ',בינונית,"גדר, פרגולה,מסלעה, קיר תומך",שמש,,0,https://cdn.store.link/products/galednp/lci1ae-%D7%90%D7%95%D7%A8%D7%A0%D7%99%D7%AA%20%D7%9C%D7%95%D7%94%D7%91%D7%AA.jpg?versionId=US0VoDG4vgTtjaMX_CejK78E5IyZsOEF,,,
פורטולקה,עונתיים קיץ,,20 סמ',בינונית,"ערוגה, מיכל",שמש ,,0,https://cdn.store.link/products/galednp/j6gzyb-img_20210315_172628%20%D7%A4%D7%95%D7%A8%D7%98%D7%95%D7%9C%D7%A7%D7%94.jpg?versionId=YJbkTNnoJbuMBELVMLpk9nSVlWjDduT2,,,
חמניה ננסית,עונתיים של קיץ,,עד 30 סמ',בינונית,"גינה, עציצים, עדניות",שמש,,0,https://cdn.store.link/products/galednp/erez0n-img_20210524_183120%D7%97%D7%9E%D7%A0%D7%99%D7%99%D7%AA%20%D7%A0%D7%95%D7%99%20%D7%A0%D7%A0%D7%A1%D7%99%D7%AA.jpg?versionId=rndLOIxaNvF8tGpfxFN2lbMwCXncQhPj,,,
פטוניה גבוה,עונתיים של קיץ,,עד 50 סמ',בינונית - מרובה,"גינה, עציצים, עדניות",שמש,,,https://cdn.store.link/products/galednp/vppg8--img_20220531_104744%D7%A4%D7%98%D7%95%D7%A0%D7%99%D7%94%20%D7%92%D7%91%D7%95%D7%94.jpg?versionId=LLqpmJcKz_2E2Zw4olKReA0a9RdL9AGO,,,
פטוניה תערובת צבעים,עונתיים של קיץ,,עד 20 סמ',בינונית - מרובה,"גינה, עציצים, עדניות",שמש,,,https://cdn.store.link/products/galednp/-c3z1h-%D7%A4%D7%98%D7%95%D7%A0%D7%99%D7%94%20%D7%9E%D7%99%D7%A7%D7%A1%20%D7%90.jpg?versionId=CO0ukXIA_dX145_As1bqkHQl83Gjx7_1,,,
פנסטמון,,,,,,,,,https://cdn.store.link/products/galednp/4eayqj-img_20190910_093841%20%D7%A4%D7%A0%D7%A1%D7%98%D7%9E%D7%95%D7%9F.jpg?versionId=VyEW3Zy1SlGV8pKEG9rJLUHQgv2iDfu2,,,
גרמית צהובה,רב שנתיים,,עד 50 סמ,בינונית,"גינה, מרפסת","שמש, הצללה קלה",,0,https://cdn.store.link/products/galednp/-ea77e-img_20210315_175310%20%D7%92%D7%A8%D7%9E%D7%99%D7%AA%20%D7%A6%D7%94%D7%95%D7%91%D7%94.jpg?versionId=hXOsDpysKlBio.SYCd4ZtK3Eb3l3aFaY,,,
בת אביב,שיחים,,1.5 מ',בינונית,"מרפסת מוארת במיכל, ערוגת מוצלת",הצללה חלקית חובה,,0,https://cdn.store.link/products/galednp/6p1u91-%D7%90%20%D7%91%D7%AA%20%D7%90%D7%91%D7%99%D7%91.jpg?versionId=WcqphwVfT9hDeuIjpJMfa04HhU_uvuKe,,,
גזניה אשונה,,,,,,,,,https://cdn.store.link/products/galednp/d0w-rv-img_20220328_151707%D7%92%D7%96%D7%A0%D7%99%D7%94%20%D7%90%D7%A9%D7%95%D7%A0%D7%94.jpg?versionId=BwN6enqGx_aSxI5iqyeBBdsHC6nE2smh,,,
,,,,,,,,,https://cdn.store.link/products/galednp/uoau-2-img_20220627_151149%20%D7%A1%D7%99%D7%A1%D7%98%D7%A1%D7%99%D7%94.jpg?versionId=yl8VVyq2J3GQk0mWmlfFBxQblr17x9Jo,,,
גרניום צרפתי ורוד,רב שנתיים,,50 סמ',בינונית סדירה,"עציץ, מיכל, גינה",צל חלקי,,2,https://cdn.store.link/products/galednp/flte5s-%D7%92%D7%A8%D7%A0%D7%99%D7%95%D7%9D%20%D7%A6%D7%A8%D7%A4%D7%AA%D7%99%2021.4.18%20628.jpg?versionId=tiL6cJh27H1RWPnCXXHCaT.5vXSZojJF,,,
פטוניה מפלית,,,,,,,,,https://cdn.store.link/products/galednp/eaatge-%D7%A4%D7%98%D7%95%D7%A0%D7%99%D7%94%20%D7%9E%D7%A9%D7%AA%D7%A4%D7%9C%D7%AA.jpg?versionId=vUpekyc.RXe4zIH8UKn54HXz5qGCWpgC,,,
קלה פרח מגוון,,,,,,,,,https://cdn.store.link/products/galednp/vvesr9-%D7%A7%D7%9C%D7%94%20%D7%9E%D7%92%D7%95%D7%95%D7%A0%D7%AAimg_20220529_192513.jpg?versionId=gu7Z9np.m..P0mV03XbVFjB6R0rpGJ9q,,,
פרח שרימפס,רב שנתיים,,עד 60 סמ',בינונית,קבוצות בגינה,צל חלקי,,0,https://cdn.store.link/products/galednp/8jjwes-%D7%90%20%D7%A4%D7%A8%D7%97%20%D7%A9%D7%A8%D7%99%D7%9E%D7%A4%D7%A1.jpg?versionId=_E0B425I1IhC3J_2p2SbEU5UuxDluF2k,,,
בשמת השולטן,עונתיים לקיץ,,עד 40 סמ',"בינונית עד מרובה, ניקוז טוב","ערוגה, מיכלים",ציל חלקי,,0,https://cdn.store.link/products/galednp/p0naz1-img-20191213-wa0004%20%D7%91%D7%A9%D7%9E%D7%AA%20%D7%94%D7%A9%D7%95%D7%9C%D7%98%D7%9F.jpg?versionId=PQOS9Iue_jzJK8mVfXJKouYfToiIDBpC,,,
בת שבע מגוונת,צמחי בית ומרפסת,,,,,,,,https://cdn.store.link/products/galednp/fo-n82-20240518_190722.jpg?versionId=rwvbOd09b4.V4zHTrHQ.Ylsm.oitFjll,,,
חרצית  פרח מלא,רב שנתיים,,40 סמ',בינונית עד רבה,"עציץ,, גינה","שמש, הצללה חלקית",,0,https://cdn.store.link/products/galednp/45gr0g-%D7%97%D7%A8%D7%A6%D7%99%D7%95%D7%AA%20%D7%9E%D7%9B%D7%9C%D7%95%D7%90%20%D7%90.jpg?versionId=ub4eGoJ2seVrmSUzQjBDakPLtw9uzWBh,,,
ניצחה שיחית,סוקולנטים,,עד 1מ',בינונית - מועטה,עציץ,"שמש, הצללה חלקית",,0,https://cdn.store.link/products/galednp/tvm1b5-img_20210408_170438%20%D7%A0%D7%99%D7%A6%D7%97%D7%94%20%D7%A9%D7%99%D7%97%D7%99%D7%AA.jpg?versionId=akGOuYbl2cpLw1Pe8Vv0Vv3.Z0lvWA4o,,,
דרצנה מגוונת,צמחי בית ומרפסת,,,,,,,,https://cdn.store.link/products/galednp/4n2ur2-img_20180819_132757%20%D7%93%D7%A8%D7%A6%D7%90%D7%A0%D7%94%20%D7%9E%D7%92%D7%95%D7%95%D7%A0%D7%AA.jpg?versionId=.u8r9T_si7XlTjtJ0G0HuORZ5fi8740E,,,
בשמת גינאה החדשה,רב שנתיים,,35 סמ',בינונית,"גינה, מיכל",הצללה חלקית,,0,https://cdn.store.link/products/galednp/-cl1hl-img_20220612_120906%20%D7%91%D7%95%D7%A9%D7%9E%D7%AA%20%D7%92%D7%99%D7%A0%D7%90%D7%94%20%D7%94%D7%97%D7%93%D7%A9%D7%94%20%D7%90.jpg?versionId=EoKtiwXIcLhJ6ppCnBxlZq7tNBCPlBsI,,,
פיגם מצוי,תבלינים,,,,,,,,https://cdn.store.link/products/galednp/0kqezl-20180428_132409%20%D7%A4%D7%99%D7%92%D7%9D%20%D7%9E%D7%A6%D7%95%D7%99.jpg?versionId=9EPmXsn9UKkX6kNE4yj3t5G13pda8tSt,,,
אנטיגון דק עוקצים,מטפסים לגינה,,"ענפים עד 8-10 מ', מטפס נכרך\נשען, פריחה ריחנית",בינונית עד מרובה,"גדרות, מסלעות, פרגולות, פריחה ריחנית",שמש,,2,https://cdn.store.link/products/galednp/5icngc-%D7%90%D7%A0%D7%98%D7%99%D7%92%D7%95%D7%9F%20%D7%93%D7%A7%20%D7%A2%D7%95%D7%A7%D7%A6%D7%99%D7%9D%20%D7%90.jpg?versionId=NoS3rj1gKPZekSFvOYoBLfz7XbHbyq2h,,,
שיפלרה שיחנית,צמחי בית ומרפסת,,עד 2 מ',בינונית,צמח עציץ וגינה,שמש עד הצללה חלקית,,0,https://cdn.store.link/products/galednp/dz8d03-20240721_200018%20%D7%A9%D7%A4%D7%9C%D7%A8%D7%94%20%D7%90.jpg?versionId=QIGdQ7UWWZYBHDOpGhS.Xt0Wb6DgtJQX,,,
קליסיה זוחלת,רב שנתיים,,עד 20 סמ',בינונית עד רבה,"עציצים, תליה, כיסוי שטח בגינה","שמש, צל חלקי",,0,https://cdn.store.link/products/galednp/v4cfkg-%D7%A7%D7%9C%D7%99%D7%A1%D7%99%D7%94%20%D7%96%D7%95%D7%97%D7%9C%D7%AA%20%D7%90.jpg?versionId=hh2dSSefL.nqV3_u8Uo0pXQYNKQQR1Jb,,,
תונברגיה מכונפת מיקס צבעים,מטפסים לגינה,,"ענפים עד 4 מ', זקוק ללתמחכה",מרובה,"ליג גדר, שבכה, עמוד","שמש, צל חלקי",,0,https://cdn.store.link/products/galednp/rdrkwg-20240615_095151%20%D7%90%20%D7%A1%D7%95%D7%96%D7%99%20%D7%A6%D7%94%D7%95%D7%91%D7%94%20.jpg?versionId=0oJIvLpr9m7nclGSEUi8rT_p9Th66oac,,,
חרצית קרינית,עונתיים חורף - אביב,,0.8 מ',בינונית,ערוגה פורחת,שמש ישירה,,0,https://cdn.store.link/products/galednp/rs5kfw-plant-4553-big%20%D7%97%D7%A8%D7%A6%D7%99%D7%AA%20%D7%A7%D7%A8%D7%99%D7%A0%D7%99%D7%AA%20%D7%90.jpg?versionId=TOvcSBeB3x0TzXncYRqCqiQXQioGGj8K,,,
איטרופה תמימה,שיחים,,3-4 מ,בינונית סדירה,"שיח גדול בגינה, מסוכה","שמש, צל חלקי",,0,https://cdn.store.link/products/galednp/hdjab7-20240923_132647%20%D7%99%D7%AA%D7%A8%D7%95%D7%A4%D7%99%D7%AA%20%20%D7%AA%D7%9E%D7%99%D7%9E%D7%94%20%D7%90.jpg?versionId=LSEu86sJU8y2MXw0Txz22UmDr3KmMafU,,,
גרדניה יסמינית,שיחים,,עד 3 מ',בינונית עד רבה ,"גינה, צמח מיכל",צל חלקי,,0,https://cdn.store.link/products/galednp/3ui8p4-20240923_132943%20%D7%92%D7%A8%D7%93%D7%A0%D7%99%D7%94%20%D7%99%D7%A1%D7%9E%D7%99%D7%A0%D7%99%D7%AA%20%D7%90.jpg?versionId=UNFPzz0Qd52aKS0dGuIQgJsWSmxRLW4s,,,
"רוזמרין רפואי ""זוחל""",שיחים,,משתרע או משתפל ענפים עד 60 סמ',בינונית עד מועטה,"מעל קירות תמך, מסלעות, מדרונות",שמש,,0,https://cdn.store.link/products/galednp/yjmtxe-20240923_133157%20%D7%90%20%D7%A8%D7%95%D7%96%D7%9E%D7%A8%D7%99%D7%9F%20%D7%A8%D7%A4%D7%95%D7%90%D7%99%20%D7%96%D7%95%D7%97%D7%9C.jpg?versionId=mSC3CZD.Awg3WwWgcjkWWdR13dvcab4J,,,
מוריה מכבדית,שיחים,,2 - 3 מ',מועטה - בינונית ,"קבוצות, מסוכות",,,,https://cdn.store.link/products/galednp/nj0e43-20240727_075341%20%D7%9E%D7%95%D7%A8%D7%99%D7%94%20%D7%9E%D7%9B%D7%91%D7%93%D7%99%D7%AA%20%D7%90.jpg?versionId=oVTo6g411OlxJkN_0W5a43EWRWx9ElZU,,,
תות שדה,פרות יער,,30 סמ',,,,,11,https://cdn.store.link/products/galednp/j46ahr-%D7%AA%D7%95%D7%AA%20%D7%A9%D7%93%D7%94%20%D7%90.jpg?versionId=i3UuJJT9XdAZCH.8JfX4FEzi1ynKaKtY,,,
לנטנה ססגונית אדומה,שיחים,,"עד  ,1.5מ'",בינונית ,"קבוצות, מסוכות ","שמש, הצללה",,,https://cdn.store.link/products/galednp/ssxeib-%D7%9C%D7%A0%D7%98%D7%A0%D7%94%20%D7%90%D7%93%D7%95%D7%9E%D7%94%20%D7%90.jpg?versionId=MfvXKMBK.KwzARvHh2tA0_KSiGQ5RKe9,,,
לנטנה ססגונית צהובה,שיחים,,עד 1.5 מ',בינונית ,"קבוצות, מסוכות ","שמש, הצללה",,2,https://cdn.store.link/products/galednp/wc0uzf-%D7%90%20%D7%9C%D7%A0%D7%98%D7%A0%D7%94%20%D7%A6%D7%94%D7%95%D7%91%D7%94.jpg?versionId=82qucvopmoba9kgyliFMzvCnMTVIDnCd,,,
לוביליה כחולה,עונתיים של חורף - אביב,,,,,,,,https://cdn.store.link/products/galednp/ono9-t-img_20210608_182119%20%D7%9C%D7%95%D7%91%D7%99%D7%9C%D7%99%D7%94%20%D7%9B%D7%97%D7%95%D7%9C%D7%94%20%D7%90.jpg?versionId=6Iew5zKoVswamUbdFY73DNXmcMj.Ve7s,,,
לוע הארי ,עונתיים של חורף - אביב,,,,,,,,https://cdn.store.link/products/galednp/zz1jih-20240927_114255%20%D7%9C%D7%95%D7%A2%20%D7%94%D7%A8%D7%99%20%D7%A6%D7%99%D7%A0%D7%95%D7%A8%D7%99%D7%AA%D7%99%20%D7%90.jpg?versionId=okxjN0HMHBYZbygMSoLm17sDBEGSnODg,,,
לוביליה לבנה,עונתיים של חורף - אביב,,,,,,,,https://cdn.store.link/products/galednp/ky7iec-20240907_103542%20%D7%9C%D7%95%D7%91%D7%99%D7%9C%D7%99%D7%94%20%D7%9C%D7%91%D7%A0%D7%94%20%D7%90.jpg?versionId=RpBcSwVQwcdJfCJA.PSW0mDoGoD8QgVO,,,
לוע הארי מיקס צבעים,עונתיים של חורף - אביב,,עד 30 סמ',בינונית ,"ערוגה, מיכל","שמש, הצללה חלקית",,5,https://cdn.store.link/products/galednp/qgv3xh-img_20210501_183154%20%20%D7%90%20%D7%9C%D7%95%D7%A2%20%D7%94%D7%90%D7%A8%D7%99.jpg?versionId=n4lAmQAAurS4.wAG98CzhT8mj.dLhADg,,,
אמנון ותמר פרח גדול,עונתיים של חורף - אביב,,עד20 סמ',בינונית עד רבה,"ערוגה, מיכל","שמש, הצללה חלקית",,12,https://cdn.store.link/products/galednp/zsoshe-20240926_171845%20%D7%90%D7%9E%D7%A0%D7%95%D7%9F%20%D7%95%D7%AA%D7%9E%D7%A8%20%D7%90.jpg?versionId=uVxq23h8yj12qr8dqnXw6ykZ7N3aya6V,,,
סלסלי כסף סגול -לבן,עונתיים של חורף - אביב,,עד 15 סמ',בינונית סדירה,"ערוגה, מיכל, סלסלי תליה","שמש, הצללה חלקית",,0,https://cdn.store.link/products/galednp/b0avtu-img_20210417_165748%20%20%D7%90%20%D7%A1%D7%9C%D7%A1%D7%9C%D7%99%20%D7%9B%D7%A1%D7%A3%20%D7%A1%D7%92%D7%95%D7%9C.jpg?versionId=c_XoLRIt5OVxNkuEXEJmsn5gsmLWWRbv,,,
בת חן,עונתיים של חורף - אביב,,עד 20 סמ',בינונית עד רבה,"ערוגה, מיכל","שמש, הצללה חלקית",,0,https://cdn.store.link/products/galednp/26yyg1-img_20210315_152422%20%D7%91%D7%AA%20%D7%97%D7%9F%20%D7%9C%D7%91%D7%A0%D7%94%20%D7%90.jpg?versionId=Wn9KPr48UjSstf3gEXJukStPpw1regln,,,
כרוב נוי,עונתיים של חורף - אביב,,,,,,,,https://cdn.store.link/products/galednp/hzloso-%D7%9B%D7%A8%D7%95%D7%91%20%D7%A0%D7%95%D7%99img_20220326_180644%20%D7%90.jpg?versionId=zLHuN4cKK30ptX3X0h3v0f0gvpSGxyFs,,,
גודציה,עונתיים של חורף - אביב,,,,,,,,https://cdn.store.link/products/galednp/3h4l89-%D7%92%D7%95%D7%93%D7%A6%D7%99%D7%94%20%D7%92%D7%93%D7%95%D7%9C%D7%AA%20%D7%A4%D7%A8%D7%97%D7%99%D7%9D%20%D7%90.jpg?versionId=v6ElmYxWfEtDPmaSdBuYxmNiwZkw3_1p,,,
סלסלי כסף לבן,עונתיים של חורף - אביב,,20 סמ',בינונית,"סלסלי תליה, ערוגות פרחים","שמש, צל חלקי",,0,https://cdn.store.link/products/galednp/1t6-zz-20240927_113944%20%D7%A1%D7%9C%D7%A1%D7%9C%D7%99%20%D7%9B%D7%A1%D7%A3%20%D7%90.jpg?versionId=xnGXZZc9A3QsOlWPxb31SsKCVxg55E_N,,,
פילודנדרון מטפס,צמחי בית ומרפסת,,עד 3 מ',בינונית עד מועטה,עציץ,צל חלקי עד מלא,,0,https://cdn.store.link/products/galednp/nwvmcu-img_20201104_081640%20%D7%A4%D7%99%D7%9C%D7%95%D7%93%D7%A0%D7%93%D7%A8%D7%95%D7%9F%20%D7%9E%D7%98%D7%A4%D7%A1%20%D7%90.jpg?versionId=OGOeTjNEeDnB7s17MUSlGDb8h4inUO9w,,,
סינגוניום מגוון,צמחי בית ומרפסת,,עד 50 סמ',בינונית,עציץ,ללא שמש ישירה,,0,https://cdn.store.link/products/galednp/xk3t9v-%D7%A1%D7%99%D7%A0%D7%92%D7%95%D7%A0%D7%99%D7%95%D7%9D%20%D7%A4%D7%99%D7%A7%D7%A1%D7%99%20%D7%90.jpg?versionId=ram9Zh1WsGpujKnhNUxxiw2hLcrNbxuH,,,
רגלית אפריקנית משתפלת,סוקולנטים,,עד 30 סמ',מועטה,"עציץ, גינה","שמש, הצללה חלקית",,0,https://cdn.store.link/products/galednp/837go9-20240328_08192%20%20%20%D7%A8%D7%92%D7%9C%D7%99%D7%AA%20%D7%90%D7%A4%D7%A8%D7%99%D7%A7%D7%A0%D7%99%D7%AA%20%D7%9E%D7%A9%D7%AA%D7%A4%D7%9C%D7%AA%20%D7%90.jpg?versionId=nU6QI9tFk9PUzFGi5.ebLV3lYOm_FZqn,,,
סטפליה,סוקולנטים,,עד 15 סמ',"בקיץ פעם בשבוע, בחורף לא להשקות",עציץ,"שמש, הצללה חלקית",,1,https://cdn.store.link/products/galednp/uy2c85-20240520_193533%20%D7%A1%D7%98%D7%A4%D7%9C%D7%99%D7%94%20%D7%90.jpg?versionId=QMVHk01Dnb86MS..aHqivaCiBg.EjX9.,,,
רגלית אפריקנית זקופה,סוקולנטים,,עד 1 מ',מועטה,"עציץ, גינה","שמש, הצללה חלקית",,0,https://cdn.store.link/products/galednp/rva2p0-%D7%A8%D7%92%D7%9C%D7%99%D7%AA%20%D7%90%D7%A4%D7%A8%D7%99%D7%A7%D7%A0%D7%99%D7%AA%20%D7%96%D7%A7%D7%95%D7%A4%D7%94%20%D7%901.jpg?versionId=LQ6rDJERxlqnnjtZjmCJQmdBP.3NanZq,,,
סנסיווריה מיני,סוקולנטים,,עד 25 סמ',מועטה,צמח עציץ,צל,,0,https://cdn.store.link/products/galednp/bev-mv-%D7%A1%D7%A0%D7%A1%D7%99%D7%95%D7%95%D7%A8%D7%99%D7%94%20%D7%A2%D7%9C%D7%99%D7%9D%20%D7%9E%D7%A2%D7%95%D7%92%D7%9C%D7%99%D7%9D%20%D7%90.jpg?versionId=Z.sQTgYkyvcCH0D1mT6tV3v6gO6UB1We,,,
סנסיווריה פס צהוב ננסית,סוקולנטים,,עד 25 סמ',מועטה,צמח עציץ,צל,,0,https://cdn.store.link/products/galednp/4b0-tu-%D7%A1%D7%A0%D7%A1%D7%99%D7%95%D7%95%D7%A8%D7%99%D7%94%20%D7%9E%D7%92%D7%95%D7%95%D7%A0%D7%AA%20%D7%90.jpg?versionId=tdXiMesPqB5nEY_S1UCqgumeLfIk.a4g,,,
קרסולה מרובעת,סוקולנטים,,עד 30 סמ',מועטה,צמח עציץ,,,0,https://cdn.store.link/products/galednp/877kff-%D7%A7%D7%A8%D7%A1%D7%95%D7%9C%D7%94%20%D7%9E%D7%A8%D7%95%D7%91%D7%A2%D7%AA%20%D7%90.jpg?versionId=CqCycny8U5sw5_IHJ8IufcLKAvQn5DAc,,,
ניצחה צוריתית,סוקולנטים,,עד 30 סמ',מועטה,צמח עציץ,,,,https://cdn.store.link/products/galednp/dej4t6-%D7%A0%D7%99%D7%A6%D7%97%D7%94%20%D7%A6%D7%95%D7%A8%D7%99%D7%AA%D7%99%D7%AA%20%D7%90.jpg?versionId=AfU.aTiuvjFWeI9NGmJYiXuOOLohdypv,,,
זיגוקקטוס,סוקולנטים,,עד 50 סמ',בינונית,צמח עציץ,הצללה חלקית,,0,https://cdn.store.link/products/galednp/wyhdkq-%D7%96%D7%99%D7%92%D7%95%D7%A7%D7%A7%D7%98%D7%95%D7%A1img_20210109_153845%20%D7%90.jpg?versionId=YWmmKxePf2C0ijLTEDVzCHzbZmCSRIUy,,,
סנסיווריה גלילית,סוקולנטים,,עד 80 סמ',מועטה,צמח עציץ,הצללה,,0,https://cdn.store.link/products/galednp/t5o3rp-%D7%A1%D7%A0%D7%A1%D7%99%D7%95%D7%95%D7%A8%D7%99%D7%94%20%D7%92%D7%9C%D7%99%D7%9C%D7%99%D7%AA%203img_20211214_141523%20%D7%90.jpg?versionId=ylt5nE.G26rCnXZmmmWnTrMI0Vzk5Y0H,,,
פנדוראה יסמינית,מטפסים לגינה,,"מטפס נכרך, ענפים עד 7מ'",בינונית,"גדרות, פרגולות, כיסוי מסלעות",שמש,,3,https://cdn.store.link/products/galednp/m3je5f-%D7%A4%D7%A0%D7%93%D7%95%D7%A8%D7%90%D7%94%20%D7%99%D7%A1%D7%9E%D7%99%D7%A0%D7%99%D7%AA%20%D7%90.jpg?versionId=oR6OmPdfGeS4kJz3_DCaE1yq5HIIM4vh,,,
תונברגיה סוזי פרח כתום ,מטפסים לגינה,,"ענפים עד 5 מ', מטפס נכרך",מרובה,"גדרות, פרגולות, כיסוי מסלעות",שמש,,0,https://cdn.store.link/products/galednp/r0xz4a-%D7%AA%D7%95%D7%A0%D7%91%D7%A8%D7%92%D7%99%D7%94%20%D7%9E%D7%9B%D7%95%D7%A0%D7%A4%D7%AA%20%D7%A1%D7%95%D7%96%D7%99%20%D7%A9%D7%97%D7%95%D7%A8%D7%AA%20%D7%A2%D7%99%D7%9F%20%D7%A4%D7%A8%D7%97%20%D7%9B%D7%AA%D7%95%D7%9D%20%D7%9B%D7%94%D7%94.jpg?versionId=40wiMGsjsl_9hBOsj89EwP26kQHEDRWk,,,
פפרומיה מגוונת,צמחי בית ומרפסת,,עד 40 סמ',בינונית - מועטה,צמח עציץ,מקום מואר ,,0,https://cdn.store.link/products/galednp/mlw3nk-20240907_114240%20%D7%A4%D7%A4%D7%A8%D7%95%D7%9E%D7%99%D7%94%20%D7%92%27%D7%9C%D7%99%20%D7%90.jpg?versionId=fqWj1Svx9ITfO57aZq3fieeV0Zs_62VV,,,
צירתנתוס מקני ,רב שנתיים,,עד 40 סמ',בינונית - מועטה,"עציץ, גינה, מסלעה",הצללה חלקית,,0,https://cdn.store.link/products/galednp/2gvik6-uozoa_zu_uu__m%5B1%5D%D7%A6%D7%99%D7%A8%D7%AA%D7%A8%D7%A0%D7%AA%D7%95%D7%A1%20%D7%9E%D7%A7%D7%A8%D7%99.jpg?versionId=64iaQJ8adfqPR7oHQwCX7APe7.JpjJVb,,,
גרניום צרפתי ורוד,רב שנתיים,,עד 40 סמ',בינונית,"עציץ, מיכל","שמש, הצללה חלקית",,0,https://cdn.store.link/products/galednp/ci23qv-%D7%92%D7%A8%D7%A0%D7%99%D7%95%D7%9D%20%D7%A6%D7%A8%D7%A4%D7%AA%D7%99%2021.4.18%20628.jpg?versionId=BOUm_nYNSOXOdFPYy5DMs2inhTmiEQq5,,,
חלבלוב קוצני גדול,סוקולנטים,,עד 60 סמ',בינונית עד מועטה,גינה,"שמש, הצללה חלקית",,0,https://cdn.store.link/products/galednp/u2ag98-dscn2594%20%D7%97%D7%9C%D7%91%D7%9C%D7%95%D7%91%20%D7%A7%D7%95%D7%A6%D7%A0%D7%99%20%D7%92%D7%93%D7%95%D7%9C%20%D7%A2%D7%9C%20%D7%A9%D7%9C%D7%92%20%D7%90.jpg?versionId=h64zNljmPLsTpRLfLplEWWhmkx1klqje,,,
רודבקיה שעירה,רב שנתיים,,עד 70 סמ',בינונית,גיגנה,"שמש, הצללה חלקית",,10,https://cdn.store.link/products/galednp/dsj-35-%D7%90%20%D7%A8%D7%95%D7%93%D7%91%D7%A7%D7%99%D7%94%20%D7%A1%D7%A2%D7%99%D7%A8%D7%9420240518%20_145538.jpg?versionId=_qtBngpvJRtYblYaF5RO5yroeoTXKMVZ,,,
אמנון ותמר תכלת,עונתיים של חורף - אביב,,עד 20 סמ',בינונית עד רבה,"גינה. סלסילה תליה, עדנית","שמש, הצללה חלקית",,3,https://cdn.store.link/products/galednp/bcxjev-%D7%90%D7%9E%D7%A0%D7%95%D7%9F%20%D7%95%D7%AA%D7%9E%D7%A8%20%D7%AA%D7%9B%D7%9C%D7%AA%20%D7%90.jpg?versionId=Gt1QoVcNFHl3o2Ycv7jArF3gB0e6YRIg,,,
שלהב דרומונד,עונתיים של חורף - אביב,,עד 30 סמ',בינונית ,"גינה, עדנית",שמש,,,https://cdn.store.link/products/galednp/fbpuqu-%D7%A9%D7%9C%D7%94%D7%91%20%D7%93%D7%A8%D7%95%D7%9E%D7%95%D7%A0%D7%93%20%D7%90.jpg?versionId=phfOLDB69.sdlISQyWT4YnCDIqXeY_dG,,,
פעמונית בינונית,עונתיים של חורף - אביב,,עד 60 סמ',בינונית ,"גינה, עדנית","שמש, הצללה חלקית",,,https://cdn.store.link/products/galednp/8a4o85-%D7%A4%D7%A2%D7%9E%D7%95%D7%A0%D7%99%D7%AA%20%D7%91%D7%99%D7%A0%D7%95%D7%A0%D7%99%D7%AA%20%D7%90.jpg?versionId=yCwNNUDgh8UbNaE9weFS0CkdLI6muBmH,,,
שסיענית מנוצה,עונתיים של חורף - אביב,,עד 40 סמ'  משתפל,בינונית עד רבה,"עציצים תלוים, עדניות","שמש, הצללה חלקית",,0,https://cdn.store.link/products/galednp/f74ydn-%D7%A9%D7%A1%D7%99%D7%A2%D7%A0%D7%99%D7%AA%20%D7%90%D7%91.jpg?versionId=IInTgq6TKW6AXTPLP71c9EDDkbVwHtmy,,,
אמנון ותמר נשפח,עונתיים של חורף - אביב,,עד 20 סמ',בינונית,"גינה, אדנית","שמש, הצללה חלקית",,,https://cdn.store.link/products/galednp/yxs2ru-%D7%90%D7%9E%D7%A0%D7%95%D7%9F%20%D7%95%D7%AA%D7%9E%D7%A8%20%D7%A0%D7%A9%D7%A4%D7%97%20%D7%90.jpg?versionId=l2E7z02W30dy0JyE9gZSZamFCuCfDmoS,,,
אמנון ותמר רוקוקו,עונתיים של חורף - אביב,,עד 30  סמ',בינונית ,"גינה, אדנית","שמש, הצללה חלקית",,,https://cdn.store.link/products/galednp/jq6chh-%D7%90%D7%9E%D7%A0%D7%95%D7%9F%20%D7%95%D7%AA%D7%9E%D7%A8%20%D7%A8%D7%95%D7%A7%D7%95%D7%A7%D7%95%20%D7%90.jpg?versionId=wpw3B7UBWdSBPlww8POGUvef9pBVFv1L,,,
בקופה (סוטרה) לבובה,רב שנתיים,,עד 20 סמ'  משתרע,בינונית,"גהנה. מסלעה, סלסילה תלויה, עדנית","שמש, הצללה חלקית",,,https://cdn.store.link/products/galednp/--taqr-%D7%91%D7%A7%D7%95%D7%A4%D7%94%20%D7%90.jpg?versionId=z1iBM93.O5hLzLlSKlidYya9ewbWy5aR,,,
ציפורני חתול,עונתיים של חורף - אביב,,עד 40 סמ',בינונית,"גינה, עדנית",שמש,,,https://cdn.store.link/products/galednp/o4jvxz-img_20211122_144615%D7%A6%D7%99%D7%A4%D7%95%D7%A8%D7%A0%D7%99%20%D7%97%D7%AA%D7%95%D7%9C%20%D7%90.jpg?versionId=sfx0wZ6Tt3QBMp9lRBPZPIjYWh2iZFCL,,,
לילנית רב-גונית,,,,,,,,, זקוף,,,
טגטס קילימנג'רו,עונתיים של קיץ,,עד 40 סמ',בינונית,ערוגות,שמש,,,https://cdn.store.link/products/galednp/wldkkd-%D7%98%D7%92%D7%98%D7%A1%20%D7%9C%D7%91%D7%9F%20%D7%A7%D7%99%D7%9C%D7%99%D7%9E%D7%A0%D7%92%27%D7%A8%D7%95%20%D7%90.jpg?versionId=BvFSrtlBygBEYY7VH6j3MpO_CWJ9vxyH,,,
קוסמוס פרח מלא,עונתיים של קיץ,,עד 40 סמ',בינונית,ערוגות,שמש,,,https://cdn.store.link/products/galednp/etoykb-%D7%A7%D7%95%D7%A1%D7%9E%D7%95%D7%A1%20%D7%A4%D7%A8%D7%97%20%D7%9E%D7%9C%D7%90%20%D7%90.jpg?versionId=wx9OBiJSJqucXVzXPF1CvGyWkxaiJQPz,,,
ציניה ננסית,עונתיים של קיץ,,עד 30 סמ',בינונית סדירה,"ערוגה, מיכל",שמש,,,https://cdn.store.link/products/galednp/gyd4qy-%D7%A6%D7%99%D7%A0%D7%99%D7%94%20%D7%A0%D7%A0%D7%A1%D7%99%D7%AA%20%D7%90.jpg?versionId=cRRhszdx6FhW55U1_C8RsFe8r0pedjNX,,,
ציניה אלגנס,עונתיים של קיץ,,עד 60 סמ',בינונית סדירה,"ערוגה, קטיף",שמש,,,https://cdn.store.link/products/galednp/ku4jgh-%D7%A6%D7%99%D7%A0%D7%99%D7%94%20%D7%91%D7%95%D7%A8%D7%A0%D7%95%D7%A1%20%D7%90.jpg?versionId=4I926G3_BWs7tMd_rW6GB3sC3JEzvaxh,,,
חרצית שיחית לבנה,רב שנתיים,,עד 60 סמ',בינונית עד מרובה,גינה,"שמש, צל חלקית",,0,https://cdn.store.link/products/galednp/-wni9c-20180423_182900%20%D7%97%D7%A8%D7%A6%D7%99%D7%AA%20%D7%A9%D7%99%D7%97%D7%99%D7%AA%20%D7%90.jpg?versionId=9RCKDxg28fU3Y6CewAa5a.IodIz0jhoi,,,
גרניום צרפתי,רב שנתיים,,"עד 40 סמ', משתפל",בינונית,"סלסילה תלויה, עדנית",שמש ,,1,https://cdn.store.link/products/galednp/cvirtv-%D7%92%D7%A8%D7%A0%D7%99%D7%95%D7%9D%20%D7%A6%D7%A8%D7%A4%D7%AA%D7%99%20%D7%90.jpg?versionId=dJpLtM5WUvieyFllJQuL7dhtLu7stRc4,,,
ביצן רובי ננסי,רב שנתיים,,עד 30 סמ',בינונית,"גינה, עדנית ",שמש,,,https://cdn.store.link/products/galednp/hc7300-%D7%91%D7%99%D7%A6%D7%9F%20%D7%A8%D7%95%D7%91%D7%99%20%D7%A0%D7%A0%D7%A1%D7%99%20%D7%90.jpg?versionId=TniSOvMPDC.GoNI8nIMZ7ghrSo.Y15mq,,,
גומא תרבותי,רב שנתיים,,עד 1 מ',בינונית עד מרובה,"גינה, עדנית ","שמש, צל חלקי",,,https://cdn.store.link/products/galednp/s0q7dv-%D7%92%D7%95%D7%9E%D7%90%20%D7%AA%D7%A8%D7%91%D7%95%D7%AA%D7%99.jpg?versionId=RDgGK6mVyx9KSAGLOUVpXdCi5JFeLopc,,,
בידנס ורוד,רב שנתיים,,עד 50 סמ',בינונית,"גינה, עדנית ","שמש, צל חלקי",,,https://cdn.store.link/products/galednp/otjmvx-%D7%91%D7%99%D7%93%D7%A0%D7%A1%20%D7%95%D7%A8%D7%95%D7%93%20%D7%90.jpg?versionId=6ZAoRY1rbY.CoAfsmBdRo8nAGCkDcQ.e,,,
בידנס כתום,רב שנתיים,,עד 30 סמ',בינונית,"גינה, עציצים, עדניות",שמש,,0,https://cdn.store.link/products/galednp/by3793-%D7%91%D7%99%D7%93%D7%A0%D7%A1%20%D7%9B%D7%AA%D7%95%D7%9D%20%D7%90.jpg?versionId=Faae3hMhwaTHOSqy7y8liu_GrvTUr5dX,,,
בידנס צהוב,רב שנתיים,,עד 40 סמ',בינונית,"גינה, עציצים, עדניות",שמש,,,https://cdn.store.link/products/galednp/lvsk6y-%D7%91%D7%99%D7%93%D7%A0%D7%A1%20%D7%A6%D7%94%D7%95%D7%91%20%D7%90.jpg?versionId=HtbA2LhN1ioggo8PgsW_megasbMLAaxG,,,
גיירדיה ממולענת,רב שנתיים,,עד 60 סמ',בינונית,גינה ,שמש,,,https://cdn.store.link/products/galednp/8e75ji-%D7%92%D7%99%D7%99%D7%A8%D7%93%D7%99%D7%94%20%D7%9E%D7%9E%D7%95%D7%9C%D7%A2%D7%A0%D7%AA.jpg?versionId=hHpNptgGRgzpPcf3F41TLUVefbkyPkAM,,,
גרברה עדינה,רב שנתיים,,עד 40 סמ',מרובה,"גינה, עציץ, פרח קטיף",שמש,,,https://cdn.store.link/products/galednp/pgvfeb-%D7%92%D7%A8%D7%91%D7%A8%D7%94%20%D7%90%D7%90.jpg?versionId=zXeRHkR4AFC7EFPVIrVwrAvEgJqv1.1v,,,
גרניום זקוף ורוד,רב שנתיים,,עד 60 סמ',בינונית,גינה,"שמש, הצללה קלה",,4,https://cdn.store.link/products/galednp/4sab-n-%D7%92%D7%A8%D7%A0%D7%99%D7%95%D7%9D%20%D7%95%D7%A8%D7%95%D7%93%20%D7%A9%D7%9C%D7%99.jpg?versionId=.N7aBJV1X_KJPqEL9wkxcwt9FLsX.Cf.,, ,
גרניום זקוף ורוד אוורירי,רב שנתיים,,עד 50 סמ',בינונית,"גינה, עדנית","שמש, הצללה קלה",,0,https://cdn.store.link/products/galednp/uyxq8s-%D7%92%D7%A8%D7%A0%D7%99%D7%95%D7%9D%20%D7%96%D7%A7%D7%95%D7%A3%20%D7%9E%D7%96%D7%A8%D7%A2%D7%99%D7%9D%20%D7%90.jpg?versionId=lWMdnBXZ4klMRWoqdhCtXdRGDcH3VSws,,,
סקרלט,רב שנתיים,,עד 60 סמ',בינונית,"ערוגה, קטיף",שמש,,,https://cdn.store.link/products/galednp/8xjjlf-%D7%A1%D7%A7%D7%A8%D7%9C%D7%98%20%D7%90.jpg?versionId=BM.GVtOdhaYIqFeItpPuuij1tZTH0YGb,,,
חרצית שיחית אדומה,רב שנתיים,,עד 40 סמ',בינונית,"גינה, עדנית","שמש, הצללה חלקית",,,https://cdn.store.link/products/galednp/0pqgpb-%D7%97%D7%A8%D7%A6%D7%99%D7%AA%20%D7%A9%D7%99%D7%97%D7%99%D7%AA%20%D7%90%D7%93%D7%95%D7%9E%D7%94%20%D7%90.jpg?versionId=BNrsciro4qfo8M.RvhA3.6rocKR_3rt0,,,
קוראופסיס גדול פרחים מכלוא,רב שנתיים,,עד 40 סמ',בינונית,"גינה, עדנית",שמש,,,https://cdn.store.link/products/galednp/xp4uc1-%D7%A7%D7%95%D7%A8%D7%90%D7%95%D7%A4%D7%A1%D7%99%D7%A1%20%D7%92%D7%93%D7%95%D7%9C-%D7%A4%D7%A8%D7%97%D7%99%D7%9D%20%D7%90.jpg?versionId=1cGNdr1LBle.JWSeNtyEToEGmuvziJaS,,,
לבנדר קנרי,רב שנתיים,,עד 90 סמ',בינונית,ערוגה,"שמש, הצללה חלקית",,4,https://cdn.store.link/products/galednp/1ct4wd-%D7%90%20%D7%9C%D7%91%D7%A0%D7%93%D7%A8%20%D7%A7%D7%A0%D7%90%D7%A8%D7%99.jpg?versionId=qr.gDlyG9bSZn7Vm6G_dmaN0yN3JI7dX,,,
גרניום זקוף רוסו,רב שנתיים,,עד 40 סמ',בינונית,"ערוגה, עציץ, עדנית","שמש, צל חלקי",,,https://cdn.store.link/products/galednp/ydpbst-20240926_171807%20%D7%92%D7%A8%D7%A0%D7%99%D7%95%D7%9D%20%D7%9E%D7%96%D7%A8%D7%A2%D7%99%D7%9D%20%D7%90.jpg?versionId=EKfefgCY2hq64FtcSUqzAUsR9K7XvN_3,,,
בידנס לבן גזור - עלים,רב שנתיים,,עד 30 סמ',בינונית,"ערוגות, עדניות, סלסלי תליה",שמש,,14,https://cdn.store.link/products/galednp/utlzic-%D7%90%20%D7%93%D7%95-%D7%A9%D7%9F%20%D7%9C%D7%91%D7%9F%20%D7%92%D7%96%D7%95%D7%A8%20%D7%A2%D7%9C%D7%99%D7%9D%2020240528_120950.jpg?versionId=cg_F.24WqasftkxHUqXoKPlTmKRx1bd5,,,
אריגרון קרווינסקי,רב שנתיים,,עד 30 סמ' מסתרע ,בינונית,"מסלעה, גינה, כיסוי שטח","שמש, צל חלקי",,0,https://cdn.store.link/products/galednp/o0mze5-img_20210410_171900%20%20%D7%90%D7%A8%D7%99%D7%92%D7%A8%D7%95%D7%9F%20%D7%A7%D7%A8%D7%95%D7%95%D7%99%D7%A0%D7%A1%D7%A7%D7%99%20%D7%90%20.jpg?versionId=xpzGuxRhLPULJsV6KLwKitl2XJOYvlU2,,,
גולנית,רב שנתיים,,עד 60 סמ',בינונית,"גינה, עדנית",שמש,,,https://cdn.store.link/products/galednp/dimxdy-%D7%90.jpg?versionId=CjcK1nRCI.qlHeHTIQoLPTPgohL_HbhO,,,
פנטס,רב שנתיים,,,,,,,,https://cdn.store.link/products/galednp/xicueu-%D7%A4%D7%A0%D7%98%D7%A1%20%D7%90.jpg?versionId=tK.Ag9v.ygf2YeDLuBDzfnPTThopf3Eh,,,
ניצנית אדומה,,,,,ק,,,,https://cdn.store.link/products/galednp/0jkxeh-%D7%A0%D7%99%D7%A6%D7%A0%D7%99%D7%AA%20%D7%90%D7%93%D7%95%D7%9E%D7%94%20%D7%90%D7%90.jpg?versionId=sL.SH790EygREvtQ9itG3fwI_DmujOfK,,,
חסה עגולה,שתילי ירקות אורגניים,,עד 30 סמ',בינונית,גינת ירקות,שמש,,4,https://cdn.store.link/products/galednp/dhim8w-%D7%90%20%D7%97%D7%A1%D7%94%20%D7%A2%D7%92%D7%95%D7%9C%D7%94.jpg?versionId=CwNLd5poEn1z4xaCu._6wgTcmAF1A3CJ,,,
חסה מיקס צבעים,שתילי ירקות אורגניים,,עד 30 סמ',בינונית,גינת ירקות,שמש,,20,https://cdn.store.link/products/galednp/jbidai-%D7%97%D7%A1%D7%94%20%D7%A2%D7%9C%D7%99%D7%9D%20%D7%9E%D7%99%D7%A7%D7%A1%20%D7%96%D7%A0%D7%99%D7%9D%20%D7%90.jpg?versionId=IszH2VHM2gENtL_KJ7wZpo86uieuAd6b,,,
כרוב סיני,שתילי ירקות אורגניים,,עד 30 סמ',בינונית,גינת ירקות,שמש,,0,https://cdn.store.link/products/galednp/2u0x3o-%D7%9B%D7%A8%D7%95%D7%91%20%D7%A1%D7%99%D7%A0%D7%99%20%D7%90.jpg?versionId=WXSoXFb5ditPhKcnOa.Nqu6YsRy2nKSJ,,,
גרגיר הגינה,שתילי ירקות אורגניים,,,,,,,0,https://cdn.store.link/products/galednp/ocbb3z-%D7%90%20%D7%92%D7%A8%D7%92%D7%99%D7%A8.jpg?versionId=FwVCKW7SYGZ_q7Enl2Yh.4w4AHSqBt.Q,,,
גרגיר נחל,שתילי ירקות אורגניים,,עד 10 סמ',רבה,גינת ירקות,שמש,,5,https://cdn.store.link/products/galednp/90h3h9-%D7%90%20%D7%92%D7%A8%D7%92%D7%99%D7%A8%20%D7%94%D7%A0%D7%97%D7%9C.jpg?versionId=uypt0Tr1cpFpji6uJ.CNgOiMsh3zWTbB,,,
מלפפונים גינה,שתילי ירקות אורגניים,,1 מ',בינונית עד רבה,גינת ירקות,שמש,,2,https://cdn.store.link/products/galednp/hgdmc2-%D7%9E%D7%9C%D7%A4%D7%A4%D7%95%D7%9F%20.png?versionId=AbSSrCyzFxaudTYC4S2m5I5W56gxlG5O,,,
עגבניה צ'רי,שתילי ירקות אורגניים,,עד 50 סמ',בינונית עד רבה,גינת ירקות,שמש,,12,https://cdn.store.link/products/galednp/ukwgqk-%D7%A2%D7%92%D7%91%D7%A0%D7%99%D7%95%D7%AA%20%D7%A6%27%D7%A8%D7%99%20%D7%AA%D7%A2%D7%A8%D7%95%D7%91%D7%AA%20%D7%96%D7%A0%D7%99%D7%9D%20%D7%90.jpg?versionId=4oDoVc69c0YcblfGBqgSVkODv8DHh6Wh,,,
עגבניות לגידול בעציצים,שתילי ירקות אורגניים,,עד 50 סמ',בינונית עד רבה,"עציצים, עדניות ",שמש,,15,https://cdn.store.link/products/galednp/-q3fyw-%D7%A2%D7%92%D7%91%D7%A0%D7%99%D7%95%D7%AA%20%D7%9C%D7%A2%D7%A6%D7%99%D7%A6%D7%99%D7%9D%20%D7%90.jpg?versionId=UhmQNdRivo5WovdECWy3s0iVS.w7.OS6,,,
בזיליק פורפורה,תבלינים,,,,,,,,https://cdn.store.link/products/galednp/sy3dxj-%D7%91%D7%96%D7%99%D7%9C%D7%99%D7%A7%D7%95%D7%9D%20%D7%A1%D7%92%D7%95%D7%9C%20%D7%90.jpg?versionId=LqKIRx7pZKaQ0wPO9qxYab1Ob7Hgn51V,,,
פילפל נוי חריף,תבלינים,,עד 30 סמ',בינונית,גידול בעציץ,שמש,,,https://cdn.store.link/products/galednp/hcstn--%D7%A4%D7%99%D7%9C%D7%A4%D7%9C%20%D7%A0%D7%95%D7%99%20%D7%97%D7%A8%D7%99%D7%A3%20%D7%90.jpg?versionId=q0xGFk0h4UXNokVLsmO6rZ10BYMZ8fJp,,,
לנטנה כתומה,בני שיחים,,עד 40 סמ' מסתרע,בינונית,"כיסוי שטח, מסלעה",שמש,,,https://cdn.store.link/products/galednp/dq0de2-%D7%9C%D7%A0%D7%98%D7%A0%D7%94%20%D7%9B%D7%AA%D7%95%D7%9E%D7%94%20%D7%90.jpg?versionId=c8RmnLab0OdYKYuS1FdH0Qyq4wUaQFXl,,,
ורד אייסברג,ורדים,,עד 1.5 מ',בינונית,גינה,שמש,,,https://cdn.store.link/products/galednp/tlwu49-%D7%90%D7%99%D7%A1%D7%91%D7%A8%D7%92%20%D7%90.jpg?versionId=SLD6MRNuTcxgx0EaeyCpXHFEktzOR4PC,,,
ורד ג'סט ג'וי,ורדים,,0.8 - 1.5 מ' ,בינונית,גינה,שמש,,,https://cdn.store.link/products/galednp/g0i4v6-%D7%95%D7%A8%D7%93%20%D7%A1%D7%9C%D7%9E%D7%95%D7%9F%20%D7%90%D7%90.jpg?versionId=vQrQm2q8sZXyUu3nGtrYYlLthNtzUg9q,,,
ורד אטרנה,ורדים,,עד 60 סמ',בינונית,גינה,שמש,,,https://cdn.store.link/products/galednp/ev5q-8-%D7%95%D7%A8%D7%93%20%D7%A9%D7%9C%D7%99%20%D7%90.jpg?versionId=JY.OZ3L.BCC.98ewMODipoSZZaaptc.q,,,
ורד,ורדים,,עד 50 סמ',בינונית,גינה,שמש,,,https://cdn.store.link/products/galednp/ropz6l-%D7%A9%D7%9B%D7%95%D7%A0%D7%AA%20%D7%94%D7%93%D7%91%D7%95%D7%A8%D7%99%D7%9D%20%D7%90.jpg?versionId=3CAPjr7wpgFhGNYOAuoYzKmGR9.uHMsY,,,
,,,,,,,,,https://cdn.store.link/products/galednp/e44-mp-%D7%90%D7%9C%D7%9E%D7%A0%D7%93%D7%94%20%20%D7%95%D7%A8%D7%95%D7%93%D7%9420240518_185625%20%D7%90.jpg?versionId=MZHrJcX7m0gTDEN.z0BIx5Ek.pz5LD2U,,,
ויסטריה סינית,,,,,,,,,https://cdn.store.link/products/galednp/u418gl-%D7%95%D7%99%D7%A1%D7%98%D7%A8%D7%99%D7%94%20%D7%9C%D7%91%D7%A0%D7%94.jpg?versionId=x37X9a4mBCHN3pHR.hZpV7a7MzEEXdpk,,,
,,,,,,,,,https://cdn.store.link/products/galednp/wo-a2u-%D7%A1%D7%98%D7%A4%D7%A0%D7%95%D7%98%D7%99%D7%A1%20%D7%A8%D7%91-%D7%A4%D7%A8%D7%97%D7%99%D7%9D%20%D7%90.jpg?versionId=bTZL4kY3KTQFaYZdV1WdXvYMz.xLkcVn,,,
רקפת תרבותית,צמחי בית ומרפסת,,עד 40 סמ',רבה סדירה,צמח עציץ,הצללה ,,0,https://cdn.store.link/products/galednp/lchyda-%D7%A8%D7%A7%D7%A4%D7%AA%20%D7%AA%D7%A8%D7%91%D7%95%D7%AA%D7%99%D7%AA%20%D7%90.jpg?versionId=Bq18cMsv4.wWru_qEpZGdNchZcdgmRJp,,,
גרניום צרפתי כתום,רב שנתיים,,30 סמ',בינונית סדירה,"גינה,עדנית, סלסילה תלויה","שמש, הצללה חלקית",,0,https://cdn.store.link/products/galednp/3djsml-%D7%92%D7%A8%D7%A0%D7%99%D7%95%D7%9D%20%D7%A6%D7%A8%D7%A4%D7%AA%D7%99%20%20%20%D7%90%20%20%D7%9B%D7%AA%D7%95%D7%9D.jpg?versionId=MLvmKqvaq44D5MlXgxct5YGSz6DzGW07,,,
שסיענית מנוצה גבוה,עונתיים של חורף - אביב,,עד 60 סמ',בינונית עד רבה,"גינה, עדנית","שמש, הצללה חלקית",,0,https://cdn.store.link/products/galednp/x6yjj1-%D7%A9%D7%A1%D7%99%D7%A2%D7%A0%D7%99%D7%AA%20%D7%92%D7%91%D7%95%D7%94%20%D7%90.jpg?versionId=eUaqnOqfq08Knvw7_TrwDXQ8EHsAVQYu,,,
שסיענית מנוצה,עונתיים של חורף - אביב,,,,,,,0,https://cdn.store.link/products/galednp/vn4s3o-%D7%A9%D7%A1%D7%99%D7%A2%D7%A0%D7%99%D7%AA%20%D7%9E%D7%A0%D7%95%D7%A6%D7%94%20%D7%90.jpg?versionId=L9RbdFxjB9W8t_aF3nwLPjj4j.V507ky,,,
גרניום זקוף סגול ארכיון,רב שנתיים,,עד 40 סמ',בינונית,"גינה,עדנית","שמש, הצללה חלקית",,0,https://cdn.store.link/products/galednp/9to2nw-%D7%90%20%20%D7%92%D7%A8%D7%A0%D7%99%D7%95%D7%9D%20%D7%A1%D7%92%D7%95%D7%9C%20%D7%90%D7%A8%D7%9B%D7%99%D7%95%D7%9F%20-%20copy%20-%20copy%20%282%29.jpg?versionId=uRnPYavRIl.dyCDvO7vKMku_T8rwC.1G,,,
גרניום צרפתי לבן,רב שנתיים,,עד 60 סמ',בינונית,"גינה,עדנית","שמש, הצללה חלקית",,,https://cdn.store.link/products/galednp/lxxucg-%D7%92%D7%A8%D7%A0%D7%99%D7%95%D7%9D%20%D7%A6%D7%A8%D7%A4%D7%AA%D7%99%20%D7%9C%D7%91%D7%9F%20%D7%90%20-%20copy.jpg?versionId=Fo_2nAw3R9_toabuNxgVKbwP14GoQcFf,,,
נמזיה כתומה,עונתיים של חורף - אביב,,עד 40 סמ',בינונית עד רבה,"גינה,עדנית",מקום מואר,,0,https://cdn.store.link/products/galednp/yuk5t1-%D7%A0%D7%9E%D7%96%D7%99%D7%94%20%D7%9B%D7%AA%D7%95%D7%9E%D7%94%20%D7%90.jpg?versionId=qimNv0uj05t1_5NvB8S5.yPXP9CwgqEM,,,
ורבנה אדומה,רב שנתיים,,עד 25 סמ',בינונית,"גינה, מסלעה, עדנית, סלסילה תלויה",שמש,,,https://cdn.store.link/products/galednp/0shuvt-%D7%95%D7%A8%D7%91%D7%A0%D7%94%20%D7%90%D7%93%D7%95%D7%9E%D7%94%20%D7%90%20-%20copy.jpg?versionId=bznrA79Gnfwsd.mWot57FKMDRb79p6AQ,,,
גרניום מכלוא קנטבריג',רב שנתיים,,", עד 15 סמ'",בינונית,"גינה, עדנית, עציץ, מסלעה","שמש, צל חלקי, צמח מסתרע",,0,https://cdn.store.link/products/galednp/ml0avk-%D7%92%D7%A8%D7%A0%D7%99%D7%95%D7%9D%20%D7%9E%D7%9B%D7%9C%D7%95%D7%90%20%20%20%D7%90%20%20%D7%A7%D7%A0%D7%98%D7%91%D7%A8%D7%99%D7%92%20-%20copy%20%282%29.jpg?versionId=fMp68i9TtTnR3iO8cblILJAVDeDULAj9,,,
פוקסיה,צמחי בית ,,עד 40 סמ',בינונית,"בית, מרפסת",צל חלקי,,,https://cdn.store.link/products/galednp/ty3a6j-%D7%A4%D7%95%D7%A7%D7%A1%D7%99%D7%94%20%D7%90.jpg?versionId=ErkCgzWOt51YJFidtXSF0bRtCtn9Jfvg,,,
שרף בוסטון,צמחי בית,,עד 1 מ,בינונית,"בית, מרפסת, גינה",צל מלא וחלקית,,0,https://cdn.store.link/products/galednp/-bgu4l-%D7%A9%D7%A8%D7%A3%20%D7%A9%D7%9C%20%D7%A9%D7%A8%D7%99%D7%AA%20%D7%90.jpg?versionId=4X8enhJmB5wGBaBgwCMjOZzcDn0Nlk6.,,,
וינקה (קתרנתוס) ורוד זקוף,רב שנתיים,,עד 30 סמ',מועטה - בינונית,"עציץ, אדנית, גינה",שמש,,8,https://cdn.store.link/products/galednp/cmrr4s-%D7%95%D7%99%D7%A0%D7%A7%D7%94%20%D7%92%D7%93%D7%95%D7%9C%D7%94%20%D7%90.jpg?versionId=gwSKRR4t3EToTCGMTmzq7ys8oyikU0Yh,,,
ציפורן סינית,רב שנתיים,,עד 30 סמ',בינונית,"גינה, אדנית","שמש, הצללה חלקית",,0,https://cdn.store.link/products/galednp/zcfv46-img_20201225_150206%20%D7%A6%D7%99%D7%A4%D7%95%D7%A8%D7%9F%20%D7%A1%D7%99%D7%A0%D7%99%202%D7%90.jpg?versionId=qqRgmwLCSiZXUQthwn83jkTYLkF9C76n,,,
ריפסליס,סוקולנטים,,ענפים עד 1 מ',בינונית,עציץ תלוי בבית ובמשרד,צל,,6,https://cdn.store.link/products/galednp/gmvxh3-%D7%A8%D7%99%D7%A4%D7%A1%D7%9C%D7%99%D7%A1%20%D7%90%D7%90.jpg?versionId=hx3m15R6Moa7c3p4.ByX8K7HU0.hSkC4,,,
עירית שומית,תבלינים,,עד 30 סמ',בינונית,"גן ירק, ערוגה, עציץ",שמש,,6,https://cdn.store.link/products/galednp/nol7os-img_20180814_194323_hht%20%D7%A2%D7%99%D7%A8%D7%99%D7%AA%20%D7%A9%D7%95%D7%9E%D7%99%D7%AA.jpg?versionId=Otn9YylK_uHAV4mcoto_lpZjmYP2MIeA,,,
,,,,,,,,,https://cdn.store.link/products/galednp/7h8hup-%D7%9C%D7%91%D7%A0%D7%93%D7%A8%20%D7%9E%D7%A9%D7%95%D7%A0%D7%9F%20%D7%90.jpg?versionId=yig1UZiw1yj_9ScKnDagdBdsThJc3L5M,,,
פעמונית פושרסקי,רב שנתיים,,עד 30 סמ',בינונית עד מרובה,"עציצים לתליה, עדניות, מסלעה, כיסוי קרקע",צל חלקי עד צל מלא,,9,https://cdn.store.link/products/galednp/g3sfe1-%D7%A4%D7%A2%D7%9E%D7%95%D7%A0%D7%99%D7%AA%20%D7%A4%D7%95%D7%A9%D7%A8%D7%A1%D7%A7%D7%99%20%D7%90-1.jpg?versionId=93ZJARi1h7raW4j.p0xTLTmPHGfQjwoa,,,
,,,,,,,,,,,,
לבנדר משונן,רב שנתיים,,עד 40 סמ',בינונית ,גינה,שמש,,4,https://cdn.store.link/products/galednp/ndyt5h-%D7%9C%D7%91%D7%A0%D7%93%D7%A8%20%D7%9E%D7%A9%D7%95%D7%A0%D7%9F%20%D7%90-1.jpg?versionId=bLnQFQxZA.neb0t9EWsdso8D_TOyZKIN,,,
פלקטרנתוס מדגסקרי,צמחי בית ומרפסת,,עד 40 סמ',בינונית סדירה,"עציצים, עדניות",הצללה חלקית עד צל מלא,,5,https://cdn.store.link/products/galednp/on17r7-%D7%A4%D7%9C%D7%A7%D7%98%D7%A8%D7%A0%D7%98%D7%95%D7%A1%20%D7%9E%D7%93%D7%92%D7%A1%D7%A7%D7%90%D7%A8%D7%99img_20211112_164425%20%D7%90.jpg?versionId=jM4LkrAekuZcFfcmich.F7OR9FvicduW,,,